step,question
1,About how often do you pray?
2,Should it be possible for a pregnant woman to obtain a legal abortion if the family has a very low income and cannot afford any more children?
3,"Which is closest to your feelings about the Bible: it is the actual word of God, the inspired word of God, or an ancient book of fables, legends, history and moral precepts?"
4,"On a scale from 0 to 100, how would you rate the Republican Party?"
5,"Are we spending too much, too little, or about the right amount on the military, armaments and defense?"
6,Should the government pay reparations to the descendants of enslaved people?
7,"Apart from attending services, how often do you take part in the activities and organizations of a church or place of worship?"
8,"On a scale from 0 to 100, how would you rate Nikki Haley?"
9,"Are we spending too much, too little, or about the right amount on Social Security?"
10,Would you approve of a policeman striking an adult male citizen who had said vulgar and obscene things to the policeman?
