variable,R,L
abany,no,yes
abdefect,no,yes
abnomore,no,yes
abpoor,no,yes
abrape,no,yes
absingle,no,yes
bible,inspired word,ancient book
colcom,"yes, fired",not fired
confed,hardly any,a great deal
conlabor,hardly any,a great deal
grass,should not be legal,should be legal
gunlaw,oppose,favor
libcom,remove,not remove
libmslm,remove,not remove
natarms,about right,too much
natenvir,about right,too little
natfare,too much,too little
natsoc,about right,too little
owngun,yes,no
pillok,disagree,strongly agree
polabuse,no,yes
pray,several times a day,never
prayer,disapprove,approve
reliten,strong,no religion
rowngun,yes,no
shotgun,yes,no
spkcom,not allowed,"yes, allowed to speak"
