0078,31.01.1962 - 03.03.1962
0626,02.1970 - 03.1970
0627,07.1971 - 
0628,09.1973 - 10.1973
0986,18.10.1974 - 22.11.1974
0987,05.1975 - 27.05.1975
0988,11.10.1975 - 05.11.1975
0989,07.05.1976 - 19.06.1976
0990,02.11.1976 - 03.12.1976
0991,19.04.1977 - 15.05.1977
0992,01.10.1977 - 15.11.1977
0993,05.05.1978 - 06.06.1978
0994,15.10.1978 - 21.11.1978
0995,02.10.1978 - 31.10.1978
1036,05.04.1979 - 28.04.1979
1037,06.10.1979 - 31.10.1979
1038,08.04.1980 - 05.05.1980
1039,09.10.1980 - 14.11.1980
1206,23.03.1981 - 30.04.1981
1207,08.10.1981 - 20.11.1981
1208,08.03.1982 - 03.05.1982
1209,02.10.1982 - 29.10.1982
1318,25.03.1983 - 27.04.1983
1319,27.09.1983 - 04.11.1983
1320,14.03.1984 - 13.04.1984
1321,02.10.1984 - 04.11.1984
1541,14.03.1985 - 22.04.1985
1542,08.10.1985 - 05.11.1985
1543,19.03.1986 - 30.04.1986
1544,30.09.1986 - 14.11.1986
1712,17.03.1987 - 8.05.1987
1713,10.10.1987 - 8.11.1987
1714,18.03.1988 - 4.04.1988
1715,17.10.1988 - 7.11.1988
1750,13.03.1989 - 17.04.1989
1751,19.06.1989 - 7.07.1989
1752,12.10.1989 - 7.11.1989
1753,19.03.1990 - 7.04.1990
1960,10.10.1990 - 12.1990
1961,1.11.1990 - 27.11.1990
1962,3.12.1990 - 23.12.1990
2031,04.03.1991 - 29.03.1991
2032,28.03.1991 - 30.04.1991
2033,10.03.1991 - 30.04.1991
2041,08.10.1987 - 8.11.1987
2081,15.10.1991 - 8.11.1991
2141,18.03.1992 - 7.04.1992
2241,20.04.1992 - 19.05.1992
2242,20.04.1992 - 9.05.1992
2243,18.03.1992 - 9.05.1992
2294,21.09.1992 - 9.10.1992
2295,10.11.1992 - 30.11.1992
2346,13.03.1993 - 9.04.1993
2347,10.05.1993 - 5.06.1993
2348,13.03.1993 - 5.06.1993
2459,10.1993 - 9.11.1993
2490,08.03.1994 - 30.05.1994
2491,11.06.1994 - 8.07.1994
2563,14.11.1994 - 31.12.1994
2636,22.03.1995 - 9.04.1995
2637,04.1995 - 9.05.1995
2638,03.1995 - 8.05.1995
2639,19.05.1995 - 26.06.1995
2689,14.10.1995 - 9.11.1995
2690,11.11.1995 - 15.01.1996
2789,27.11.1995 - 9.01.1996
2828,28.01.1996 - 8.03.1996
2829,27.02.1996 - 03.04.1996
2830,27.02.1996 - 3.04.1996
2831,12.04.1996 - 9.05.1996
2898,12.10.1996 - 8.11.1996
2899,18.10.1996 - 16.12.1996
2935,24.01.1997 - 27.02.1997
2936,26.03.1997 - 29.04.1997
2937,20.04.1997 - 7.06.1997
2938,20.04.1997 - 7.06.1997
2959,12.10.1997 - 16.11.1997
3052,07.04.1998 - 27.05.1998
3085,11.10.1998 - 30.11.1998
3086,29.10.1998 - 10.12.1998
3171,12.03.1999 - 04.05.1999
3172,12.04.1999 - 18.05.1999
3204,15.10.1999 - 14.11.1999
3205,01.11.1999 - 30.12.1999
3296,05.04.2000 - 23.05.2000
3386,07.10.2000 - 13.11.2000
3387,14.11.2000 - 18.02.2001
3388,02.01.2001 - 18.02.2001
3389,06.12.2000 - 23.12.2000
3506,05.03.2001 - 24.04.2001
3507,12.04.2001 - 23.05.2001
3508,12.04.2001 - 23.05.2001
3509,10.05.2001 - 15.06.2001
3521,1970 - 2002
3625,22.08.2001 - 27.09.2001
3626,01.09.2001 - 31.10.2001
3627,13.10.2001 - 19.11.2001
3635,22.01.2002 - 28.02.2002
3638,23.02.2002 - 04.04.2002
3639,29.03.2002 - 01.05.2002
3640,30.04.2002 - 10.06.2002
3641,30.04.2002 - 10.06.2002
3651,02.1970 - 
3692,01.09.2002 - 16.10.2002
3693,01.10.2002 - 05.11.2002
3886,01.10.2002 - 08.12.2002
3903,15.01.2003 - 11.03.2003
3904,18.03.2003 - 30.04.2003
3905,09.05.2003 - 30.06.2003
3937,01.09.2003 - 30.09.2003
3938,01.10.2003 - 07.11.2003
3939,01.11.2003 - 12.12.2003
3940,15.11.2003 - 05.01.2004
4056,20.02.2004 - 28.03.2004
4229,02.10.2004 - 08.11.2004
4230,27.10.2004 - 02.12.2004
4231,22.11.2004 - 19.12.2004
4233,03.01.2005 - 17.02.2005
4234,09.02.2005 - 20.03.2005
4410,16.03.2005 - 16.04.2005
4411,09.05.2005 - 14.06.2005
4412,25.06.2005 - 13.07.2005
4413,02.09.2005 - 06.10.2005
4414,11.10.2005 - 15.11.2005
4415,05.11.2005 - 07.12.2005
4416,07.12.2005 - 11.01.2006
4505,20.02.2006 - 24.03.2006
4506,27.03.2006 - 01.05.2006
4507,05.05.2006 - 11.06.2006
4508,07.06.2006 - 12.07.2006
4526,06.09.2006 - 10.10.2006
4527,06.10.2006 - 08.11.2006
4528,17.11.2006 - 19.12.2006
4529,14.02.2007 - 25.03.2007
4530,04.2007 - 30.05.2007
4561,25.05.2007 - 27.06.2007
4565,22.09.2007 - 03.11.2007
4669,13.03.1989 - 15.02.2005
4742,09.11.2007 - 16.01.2008
4743,18.02.2008 - 22.03.2008
4744,25.03.2008 - 04.05.2008
4819,06.10.2008 - 24.11.2008
4971,16.01.2009 - 21.02.2009
4972,25.05.2009 - 17.06.2009
4973,12.06.2009 - 07.07.2009
4975,28.08.2009 - 17.09.2009
4976,11.09.2009 - 05.10.2009
4977,02.10.2009 - 19.10.2009
4994,23.10.2009 - 18.11.2009
4999,13.11.2009 - 09.12.2009
5000,29.01.2010 - 25.02.2010
5232,26.02.2010 - 17.03.2010
5233,12.03.2010 - 01.04.2010
5234,05.05.2010 - 28.05.2010
5235,09.06.2010 - 30.06.2010
5236,26.02.2010 - 01.04.2010
5237,26.08.2010 - 22.09.2010
5449,11.11.2010 - 01.12.2010
5450,25.11.2010 - 17.12.2010
5479,09.02.2011 - 08.03.2011
5480,13.04.2011 - 08.05.2011
5481,06.05.2011 - 26.05.2011
5526,09.02.2011 - 06.03.2011
5564,04.06.2011 - 19.06.2011
5565,03.09.2011 - 18.09.2011
5566,24.09.2011 - 08.11.2011
5567,05.11.2011 - 20.11.2011
5596,03.12.2011 - 18.12.2011
5597,25.02.2012 - 12.03.2012
5598,10.03.2012 - 25.03.2012
5612,12.05.2012 - 27.05.2012
5613,02.06.2012 - 17.06.2012
5685,03.11.2012 - 18.11.2012
5686,17.11.2012 - 02.12.2012
5687,23.02.2013 - 10.03.2013
5688,26.04.2013 - 14.05.2013
5689,10.05.2013 - 26.05.2013
5852,24.05.2013 - 09.06.2013
5875,07.06.2013 - 23.06.2013
5876,02.11.2013 - 17.11.2013
5877,23.11.2013 - 02.12.2013
5878,18.01.2014 - 27.01.2014
5913,15.03.2014 - 24.03.2014
5914,26.04.2014 - 11.05.2014
5928,31.05.2014 - 14.06.2014
5929,14.06.2014 - 26.06.2014
5930,13.09.2014 - 22.09.2014
5931,11.10.2014 - 20.10.2014
5932,08.11.2014 - 17.11.2014
5933,29.11.2014 - 09.12.2014
5964,28.02.2015 - 09.03.2015
5965,21.03.2015 - 30.03.2015
5998,16.05.2015 - 27.05.2015
6595,30.05.2015 - 08.06.2015
6596,19.09.2015 - 29.09.2015
6642,17.10.2015 - 26.10.2015
6643,07.11.2015 - 17.11.2015
6644,28.11.2015 - 07.12.2015
6693,09.04.2016 - 18.04.2016
6694,21.05.2016 - 31.05.2016
6695,04.06.2016 - 13.06.2016
6696,09.04.2016 - 25.04.2016
6697,24.09.2016 - 03.10.2016
6788,03.11.2016 - 16.11.2016
6791,26.11.2016 - 05.12.2016
6861,18.03.2017 - 27.03.2017
6862,15.04.2017 - 25.04.2017
6863,20.05.2017 - 30.05.2017
6924,13.06.2017 - 26.06.2017
6925,23.09.2017 - 02.10.2017
6927,21.10.2017 - 31.10.2017
6928,05.11.2017 - 19.11.2017
6939,02.12.2017 - 11.12.2017
6963,13.03.2018 - 28.03.2018
7482,11.04.2018 - 22.04.2018
7483,23.06.2018 - 06.07.2018
7484,08.09.2018 - 26.09.2018
7488,24.10.2018 - 07.11.2018
7489,08.11.2018 - 22.11.2018
7556,04.12.2018 - 20.12.2018
7561,19.02.2019 - 04.03.2019
7562,15.03.2019 - 29.03.2019
7572,09.04.2019 - 26.04.2019
7575,09.05.2019 - 25.05.2019
7576,07.06.2019 - 01.07.2019
7579,11.09.2019 - 29.09.2019
7580,08.10.2019 - 22.10.2019
7601,14.11.2019 - 13.12.2019
7602,06.12.2019 - 19.12.2019
7649,09.07.2020 - 26.08.2020
7739,03.08.2020 - 15.09.2020
7750,20.11.2020 - 21.12.2020
7780,12.02.2021 - 18.03.2021
7781,15.03.2021 - 14.04.2021
7782,13.04.2021 - 11.05.2021
7783,14.06.2021 - 15.07.2021

