variable,question_number,variable_label,question_text,question_text_filled,source,source_page,za_id
v2,v2,ICPSR EDITION NUMBER,Value Label Missing Count Percent Valid Percent,Value Label Missing Count Percent Valid Percent,GESIS Variable Report,28,ZA0995
v8,v8,NATION,Value Label Missing Count Percent Valid Percent,Value Label Missing Count Percent Valid Percent,GESIS Variable Report,36,ZA0995
v9,v9 0 1 2 N Sum N Valid Sum,FUTURE CONCERN: ARTIFICIALNESS,isocntry M BE 92 516 (56.0) 406 (44.0) 1014 922 DE 100 346 (38.4) 554 (61.6) 1000 900 DK 57 535 (57.8) 391 (42.2) 983 926 FR 37 744 (57.1) 559 (42.9) 1340 1303 GB-GBN 30 448 (45.8) 530 (54.2) 1008 978 GB-NIR 7 172 (57.3) 128 (42.7) 307 300 IE 31 520 (53.3) 456 (46.7) 1007 976 IT 26 745 (83.4) 148 (16.6) 919 893 LU 10 162 (50.6) 158 (49.4) 330 320 NL 18 640 (59.5) 436 (40.5) 1094 1076 N Sum 408 4828 3766 9002 N Valid Sum 4828 3766 8594 Eurobarometer 10A - October 1978,isocntry M BE 92 516 (56.0) 406 (44.0) 1014 922 DE 100 346 (38.4) 554 (61.6) 1000 900 DK 57 535 (57.8) 391 (42.2) 983 926 FR 37 744 (57.1) 559 (42.9) 1340 1303 GB-GBN 30 448 (45.8) 530 (54.2) 1008 978 GB-NIR 7 172 (57.3) 128 (42.7) 307 300 IE 31 520 (53.3) 456 (46.7) 1007 976 IT 26 745 (83.4) 148 (16.6) 919 893 LU 10 162 (50.6) 158 (49.4) 330 320 NL 18 640 (59.5) 436 (40.5) 1094 1076 N Sum 408 4828 3766 9002 N Valid Sum 4828 3766 8594 Eurobarometer 10A - October 1978,GESIS Variable Report,37,ZA0995
v10,v10 0 1 2 N Sum N Valid Sum,FUTURE CONCERN: ENVIRONM POLLUTION,isocntry M BE 59 724 (75.8) 231 (24.2) 1014 955 DE 42 690 (72.0) 268 (28.0) 1000 958 DK 37 837 (88.5) 109 (11.5) 983 946 FR 25 1056 (80.4) 258 (19.6) 1339 1314 GB-GBN 26 817 (83.2) 165 (16.8) 1008 982 GB-NIR 4 262 (86.5) 41 (13.5) 307 303 IE 17 798 (80.6) 192 (19.4) 1007 990 IT 14 838 (92.6) 67 (7.4) 919 905 LU 11 237 (74.3) 82 (25.7) 330 319 NL 10 961 (88.7) 122 (11.3) 1093 1083 N Sum 245 7220 1535 9000 N Valid Sum 7220 1535 8755 Eurobarometer 10A - October 1978,isocntry M BE 59 724 (75.8) 231 (24.2) 1014 955 DE 42 690 (72.0) 268 (28.0) 1000 958 DK 37 837 (88.5) 109 (11.5) 983 946 FR 25 1056 (80.4) 258 (19.6) 1339 1314 GB-GBN 26 817 (83.2) 165 (16.8) 1008 982 GB-NIR 4 262 (86.5) 41 (13.5) 307 303 IE 17 798 (80.6) 192 (19.4) 1007 990 IT 14 838 (92.6) 67 (7.4) 919 905 LU 11 237 (74.3) 82 (25.7) 330 319 NL 10 961 (88.7) 122 (11.3) 1093 1083 N Sum 245 7220 1535 9000 N Valid Sum 7220 1535 8755 Eurobarometer 10A - October 1978,GESIS Variable Report,38,ZA0995
v11,v11 0 1 2 N Sum N Valid Sum,FUTURE CONCERN: MEDICAL RISKS,isocntry M BE 135 446 (50.7) 433 (49.3) 1014 879 DE 131 378 (43.5) 491 (56.5) 1000 869 DK 128 586 (68.5) 270 (31.5) 984 856 FR 102 588 (47.5) 650 (52.5) 1340 1238 GB-GBN 72 612 (65.4) 324 (34.6) 1008 936 GB-NIR 18 206 (71.3) 83 (28.7) 307 289 IE 63 606 (64.2) 338 (35.8) 1007 944 IT 66 666 (78.1) 187 (21.9) 919 853 LU 29 179 (59.5) 122 (40.5) 330 301 NL 74 503 (49.3) 517 (50.7) 1094 1020 N Sum 818 4770 3415 9003 N Valid Sum 4770 3415 8185 Eurobarometer 10A - October 1978,isocntry M BE 135 446 (50.7) 433 (49.3) 1014 879 DE 131 378 (43.5) 491 (56.5) 1000 869 DK 128 586 (68.5) 270 (31.5) 984 856 FR 102 588 (47.5) 650 (52.5) 1340 1238 GB-GBN 72 612 (65.4) 324 (34.6) 1008 936 GB-NIR 18 206 (71.3) 83 (28.7) 307 289 IE 63 606 (64.2) 338 (35.8) 1007 944 IT 66 666 (78.1) 187 (21.9) 919 853 LU 29 179 (59.5) 122 (40.5) 330 301 NL 74 503 (49.3) 517 (50.7) 1094 1020 N Sum 818 4770 3415 9003 N Valid Sum 4770 3415 8185 Eurobarometer 10A - October 1978,GESIS Variable Report,39,ZA0995
v12,v12 0 1 2 N Sum N Valid Sum,FUTURE CONCERN: UNEMPLOYMENT,isocntry M BE 71 704 (74.7) 239 (25.3) 1014 943 DE 73 600 (64.7) 327 (35.3) 1000 927 DK 48 713 (76.3) 222 (23.7) 983 935 FR 39 964 (74.1) 337 (25.9) 1340 1301 GB-GBN 41 621 (64.2) 347 (35.8) 1009 968 GB-NIR 7 248 (82.7) 52 (17.3) 307 300 IE 21 756 (76.7) 230 (23.3) 1007 986 IT 40 684 (77.8) 195 (22.2) 919 879 LU 13 250 (78.9) 67 (21.1) 330 317 NL 35 786 (74.2) 273 (25.8) 1094 1059 N Sum 388 6326 2289 9003 N Valid Sum 6326 2289 8615 Eurobarometer 10A - October 1978,isocntry M BE 71 704 (74.7) 239 (25.3) 1014 943 DE 73 600 (64.7) 327 (35.3) 1000 927 DK 48 713 (76.3) 222 (23.7) 983 935 FR 39 964 (74.1) 337 (25.9) 1340 1301 GB-GBN 41 621 (64.2) 347 (35.8) 1009 968 GB-NIR 7 248 (82.7) 52 (17.3) 307 300 IE 21 756 (76.7) 230 (23.3) 1007 986 IT 40 684 (77.8) 195 (22.2) 919 879 LU 13 250 (78.9) 67 (21.1) 330 317 NL 35 786 (74.2) 273 (25.8) 1094 1059 N Sum 388 6326 2289 9003 N Valid Sum 6326 2289 8615 Eurobarometer 10A - October 1978,GESIS Variable Report,40,ZA0995
v13,,FUTURE CONCERN 1ST CHOICE,,FUTURE CONCERN 1ST CHOICE,GESIS Variable Report,41,ZA0995
v14,,FUTURE CONCERN NEXT: ARTIFICIALNESS,,FUTURE CONCERN NEXT: ARTIFICIALNESS,GESIS Variable Report,42,ZA0995
v15,v15 0 1 9 N Sum N Valid Sum,FUTURE CONCERN NEXT: ENVIRONM POLLUTION,isocntry M BE 433 (55.7) 345 (44.3) 236 1014 778 DE 557 (63.2) 325 (36.8) 118 1000 882 DK 572 (67.7) 273 (32.3) 138 983 845 FR 576 (56.7) 440 (43.3) 324 1340 1016 GB-GBN 490 (66.4) 248 (33.6) 271 1009 738 GB-NIR 149 (58.4) 106 (41.6) 52 307 255 IE 524 (62.2) 319 (37.8) 164 1007 843 IT 497 (62.4) 300 (37.6) 122 919 797 LU 195 (67.0) 96 (33.0) 39 330 291 NL 588 (62.0) 360 (38.0) 146 1094 948 N Sum 4581 2812 1610 9003 N Valid Sum 4581 2812 7393 Eurobarometer 10A - October 1978,isocntry M BE 433 (55.7) 345 (44.3) 236 1014 778 DE 557 (63.2) 325 (36.8) 118 1000 882 DK 572 (67.7) 273 (32.3) 138 983 845 FR 576 (56.7) 440 (43.3) 324 1340 1016 GB-GBN 490 (66.4) 248 (33.6) 271 1009 738 GB-NIR 149 (58.4) 106 (41.6) 52 307 255 IE 524 (62.2) 319 (37.8) 164 1007 843 IT 497 (62.4) 300 (37.6) 122 919 797 LU 195 (67.0) 96 (33.0) 39 330 291 NL 588 (62.0) 360 (38.0) 146 1094 948 N Sum 4581 2812 1610 9003 N Valid Sum 4581 2812 7393 Eurobarometer 10A - October 1978,GESIS Variable Report,43,ZA0995
v16,,FUTURE CONCERN NEXT: MEDICAL RISKS,,FUTURE CONCERN NEXT: MEDICAL RISKS,GESIS Variable Report,44,ZA0995
v17,v17 0 1 9 N Sum N Valid Sum,FUTURE CONCERN NEXT: UNEMPLOYMENT,isocntry M BE 515 (66.2) 263 (33.8) 236 1014 778 DE 586 (66.4) 296 (33.6) 118 1000 882 DK 608 (71.9) 238 (28.1) 138 984 846 FR 697 (68.6) 319 (31.4) 324 1340 1016 GB-GBN 544 (73.7) 194 (26.3) 271 1009 738 GB-NIR 178 (69.8) 77 (30.2) 52 307 255 IE 604 (71.6) 239 (28.4) 164 1007 843 IT 603 (75.7) 194 (24.3) 122 919 797 LU 224 (77.0) 67 (23.0) 39 330 291 NL 691 (72.9) 257 (27.1) 146 1094 948 N Sum 5250 2144 1610 9004 N Valid Sum 5250 2144 7394 Eurobarometer 10A - October 1978,isocntry M BE 515 (66.2) 263 (33.8) 236 1014 778 DE 586 (66.4) 296 (33.6) 118 1000 882 DK 608 (71.9) 238 (28.1) 138 984 846 FR 697 (68.6) 319 (31.4) 324 1340 1016 GB-GBN 544 (73.7) 194 (26.3) 271 1009 738 GB-NIR 178 (69.8) 77 (30.2) 52 307 255 IE 604 (71.6) 239 (28.4) 164 1007 843 IT 603 (75.7) 194 (24.3) 122 919 797 LU 224 (77.0) 67 (23.0) 39 330 291 NL 691 (72.9) 257 (27.1) 146 1094 948 N Sum 5250 2144 1610 9004 N Valid Sum 5250 2144 7394 Eurobarometer 10A - October 1978,GESIS Variable Report,45,ZA0995
v18,v18 0 1 2 3 4 5 N Sum N Valid Sum,REGIONAL DEVELOPMENT,isocntry M BE 86 235 (25.3) 136 (14.7) 360 (38.8) 136 (14.7) 61 (6.6) 1014 928 DE 100 60 (6.7) 126 (14.0) 408 (45.3) 204 (22.7) 102 (11.3) 1000 900 DK 107 104 (11.9) 66 (7.5) 289 (33.0) 151 (17.2) 267 (30.4) 984 877 FR 110 269 (21.9) 269 (21.9) 392 (31.9) 196 (15.9) 104 (8.5) 1340 1230 GB-GBN 55 289 (30.4) 53 (5.6) 315 (33.1) 107 (11.2) 188 (19.7) 1007 952 GB-NIR 3 58 (19.1) 22 (7.2) 112 (36.8) 44 (14.5) 68 (22.4) 307 304 IE 17 104 (10.5) 39 (3.9) 334 (33.7) 253 (25.6) 260 (26.3) 1007 990 IT 63 211 (24.6) 254 (29.7) 179 (20.9) 170 (19.9) 42 (4.9) 919 856 LU 38 23 (7.9) 71 (24.3) 128 (43.8) 33 (11.3) 37 (12.7) 330 292 NL 8 271 (24.9) 87 (8.0) 559 (51.4) 135 (12.4) 35 (3.2) 1095 1087 N Sum 587 1624 1123 3076 1429 1164 9003 N Valid Sum 1624 1123 3076 1429 1164 8416 Eurobarometer 10A - October 1978,isocntry M BE 86 235 (25.3) 136 (14.7) 360 (38.8) 136 (14.7) 61 (6.6) 1014 928 DE 100 60 (6.7) 126 (14.0) 408 (45.3) 204 (22.7) 102 (11.3) 1000 900 DK 107 104 (11.9) 66 (7.5) 289 (33.0) 151 (17.2) 267 (30.4) 984 877 FR 110 269 (21.9) 269 (21.9) 392 (31.9) 196 (15.9) 104 (8.5) 1340 1230 GB-GBN 55 289 (30.4) 53 (5.6) 315 (33.1) 107 (11.2) 188 (19.7) 1007 952 GB-NIR 3 58 (19.1) 22 (7.2) 112 (36.8) 44 (14.5) 68 (22.4) 307 304 IE 17 104 (10.5) 39 (3.9) 334 (33.7) 253 (25.6) 260 (26.3) 1007 990 IT 63 211 (24.6) 254 (29.7) 179 (20.9) 170 (19.9) 42 (4.9) 919 856 LU 38 23 (7.9) 71 (24.3) 128 (43.8) 33 (11.3) 37 (12.7) 330 292 NL 8 271 (24.9) 87 (8.0) 559 (51.4) 135 (12.4) 35 (3.2) 1095 1087 N Sum 587 1624 1123 3076 1429 1164 9003 N Valid Sum 1624 1123 3076 1429 1164 8416 Eurobarometer 10A - October 1978,GESIS Variable Report,46,ZA0995
v19,v19 0 1 2 3 4 N Sum N Valid Sum,REGIONAL DEPENDENCE: NEIGHBOUR REGIONS,isocntry M BE 200 180 (22.1) 287 (35.3) 203 (24.9) 144 (17.7) 1014 814 DE 117 155 (17.6) 280 (31.7) 323 (36.6) 125 (14.2) 1000 883 DK 136 315 (37.2) 228 (26.9) 230 (27.2) 74 (8.7) 983 847 FR 243 152 (13.9) 477 (43.5) 310 (28.3) 158 (14.4) 1340 1097 GB-GBN 96 183 (20.0) 278 (30.4) 208 (22.8) 244 (26.7) 1009 913 GB-NIR 21 86 (30.1) 119 (41.6) 32 (11.2) 49 (17.1) 307 286 IE 56 287 (30.2) 321 (33.8) 206 (21.7) 137 (14.4) 1007 951 IT 112 147 (18.2) 304 (37.7) 236 (29.2) 120 (14.9) 919 807 LU 37 59 (20.1) 114 (38.9) 63 (21.5) 57 (19.5) 330 293 NL 90 275 (27.4) 342 (34.1) 242 (24.1) 145 (14.4) 1094 1004 N Sum 1108 1839 2750 2053 1253 9003 N Valid Sum 1839 2750 2053 1253 7895 Eurobarometer 10A - October 1978,isocntry M BE 200 180 (22.1) 287 (35.3) 203 (24.9) 144 (17.7) 1014 814 DE 117 155 (17.6) 280 (31.7) 323 (36.6) 125 (14.2) 1000 883 DK 136 315 (37.2) 228 (26.9) 230 (27.2) 74 (8.7) 983 847 FR 243 152 (13.9) 477 (43.5) 310 (28.3) 158 (14.4) 1340 1097 GB-GBN 96 183 (20.0) 278 (30.4) 208 (22.8) 244 (26.7) 1009 913 GB-NIR 21 86 (30.1) 119 (41.6) 32 (11.2) 49 (17.1) 307 286 IE 56 287 (30.2) 321 (33.8) 206 (21.7) 137 (14.4) 1007 951 IT 112 147 (18.2) 304 (37.7) 236 (29.2) 120 (14.9) 919 807 LU 37 59 (20.1) 114 (38.9) 63 (21.5) 57 (19.5) 330 293 NL 90 275 (27.4) 342 (34.1) 242 (24.1) 145 (14.4) 1094 1004 N Sum 1108 1839 2750 2053 1253 9003 N Valid Sum 1839 2750 2053 1253 7895 Eurobarometer 10A - October 1978,GESIS Variable Report,47,ZA0995
v20,v20 0 1 2 3 4 N Sum N Valid Sum,REGIONAL DEPENDENCE: OTHER NAT REGIONS,isocntry M BE 248 88 (11.5) 274 (35.8) 217 (28.3) 187 (24.4) 1014 766 DE 147 97 (11.4) 248 (29.1) 380 (44.5) 128 (15.0) 1000 853 DK 141 173 (20.5) 321 (38.1) 252 (29.9) 97 (11.5) 984 843 FR 268 125 (11.7) 430 (40.1) 344 (32.1) 172 (16.1) 1339 1071 GB-GBN 125 147 (16.6) 281 (31.8) 216 (24.5) 239 (27.1) 1008 883 GB-NIR 16 62 (21.3) 110 (37.8) 53 (18.2) 66 (22.7) 307 291 IE 66 168 (17.9) 339 (36.0) 260 (27.6) 174 (18.5) 1007 941 IT 115 160 (19.9) 308 (38.3) 217 (27.0) 119 (14.8) 919 804 LU 29 40 (13.3) 106 (35.2) 71 (23.6) 84 (27.9) 330 301 NL 106 206 (20.8) 355 (35.9) 270 (27.3) 158 (16.0) 1095 989 N Sum 1261 1266 2772 2280 1424 9003 N Valid Sum 1266 2772 2280 1424 7742 Eurobarometer 10A - October 1978,isocntry M BE 248 88 (11.5) 274 (35.8) 217 (28.3) 187 (24.4) 1014 766 DE 147 97 (11.4) 248 (29.1) 380 (44.5) 128 (15.0) 1000 853 DK 141 173 (20.5) 321 (38.1) 252 (29.9) 97 (11.5) 984 843 FR 268 125 (11.7) 430 (40.1) 344 (32.1) 172 (16.1) 1339 1071 GB-GBN 125 147 (16.6) 281 (31.8) 216 (24.5) 239 (27.1) 1008 883 GB-NIR 16 62 (21.3) 110 (37.8) 53 (18.2) 66 (22.7) 307 291 IE 66 168 (17.9) 339 (36.0) 260 (27.6) 174 (18.5) 1007 941 IT 115 160 (19.9) 308 (38.3) 217 (27.0) 119 (14.8) 919 804 LU 29 40 (13.3) 106 (35.2) 71 (23.6) 84 (27.9) 330 301 NL 106 206 (20.8) 355 (35.9) 270 (27.3) 158 (16.0) 1095 989 N Sum 1261 1266 2772 2280 1424 9003 N Valid Sum 1266 2772 2280 1424 7742 Eurobarometer 10A - October 1978,GESIS Variable Report,48,ZA0995
v21,v21 0 1 2 3 4 N Sum N Valid Sum,REGIONAL DEPENDENCE: OTHER EUROP COUNTRY,isocntry M BE 257 125 (16.5) 216 (28.5) 209 (27.6) 207 (27.3) 1014 757 DE 153 80 (9.4) 229 (27.0) 318 (37.5) 220 (26.0) 1000 847 DK 158 249 (30.2) 257 (31.2) 214 (26.0) 104 (12.6) 982 824 FR 322 162 (15.9) 437 (42.9) 254 (25.0) 165 (16.2) 1340 1018 GB-GBN 115 131 (14.7) 266 (29.8) 209 (23.4) 288 (32.2) 1009 894 GB-NIR 30 63 (22.7) 93 (33.6) 55 (19.9) 66 (23.8) 307 277 IE 92 164 (17.9) 311 (34.0) 262 (28.6) 178 (19.5) 1007 915 IT 138 187 (23.9) 332 (42.5) 149 (19.1) 113 (14.5) 919 781 LU 34 87 (29.4) 110 (37.2) 39 (13.2) 60 (20.3) 330 296 NL 106 247 (25.0) 344 (34.8) 228 (23.1) 169 (17.1) 1094 988 N Sum 1405 1495 2595 1937 1570 9002 N Valid Sum 1495 2595 1937 1570 7597 Eurobarometer 10A - October 1978,isocntry M BE 257 125 (16.5) 216 (28.5) 209 (27.6) 207 (27.3) 1014 757 DE 153 80 (9.4) 229 (27.0) 318 (37.5) 220 (26.0) 1000 847 DK 158 249 (30.2) 257 (31.2) 214 (26.0) 104 (12.6) 982 824 FR 322 162 (15.9) 437 (42.9) 254 (25.0) 165 (16.2) 1340 1018 GB-GBN 115 131 (14.7) 266 (29.8) 209 (23.4) 288 (32.2) 1009 894 GB-NIR 30 63 (22.7) 93 (33.6) 55 (19.9) 66 (23.8) 307 277 IE 92 164 (17.9) 311 (34.0) 262 (28.6) 178 (19.5) 1007 915 IT 138 187 (23.9) 332 (42.5) 149 (19.1) 113 (14.5) 919 781 LU 34 87 (29.4) 110 (37.2) 39 (13.2) 60 (20.3) 330 296 NL 106 247 (25.0) 344 (34.8) 228 (23.1) 169 (17.1) 1094 988 N Sum 1405 1495 2595 1937 1570 9002 N Valid Sum 1495 2595 1937 1570 7597 Eurobarometer 10A - October 1978,GESIS Variable Report,49,ZA0995
v22,v22 0 1 2 3 4 N Sum N Valid Sum,REGIONAL DEPENDENCE: NON-EUROP COUNTRY,isocntry M BE 287 86 (11.8) 177 (24.3) 207 (28.5) 257 (35.4) 1014 727 DE 192 73 (9.0) 168 (20.8) 236 (29.2) 331 (41.0) 1000 808 DK 186 162 (20.3) 196 (24.6) 254 (31.8) 186 (23.3) 984 798 FR 366 134 (13.8) 305 (31.3) 263 (27.0) 272 (27.9) 1340 974 GB-GBN 140 106 (12.2) 191 (22.0) 242 (27.9) 329 (37.9) 1008 868 GB-NIR 33 37 (13.5) 77 (28.1) 57 (20.8) 103 (37.6) 307 274 IE 121 58 (6.5) 148 (16.7) 306 (34.5) 374 (42.2) 1007 886 IT 157 143 (18.8) 230 (30.2) 184 (24.1) 205 (26.9) 919 762 LU 46 37 (13.0) 90 (31.7) 60 (21.1) 97 (34.2) 330 284 NL 128 165 (17.1) 275 (28.4) 256 (26.5) 271 (28.0) 1095 967 N Sum 1656 1001 1857 2065 2425 9004 N Valid Sum 1001 1857 2065 2425 7348 Eurobarometer 10A - October 1978,isocntry M BE 287 86 (11.8) 177 (24.3) 207 (28.5) 257 (35.4) 1014 727 DE 192 73 (9.0) 168 (20.8) 236 (29.2) 331 (41.0) 1000 808 DK 186 162 (20.3) 196 (24.6) 254 (31.8) 186 (23.3) 984 798 FR 366 134 (13.8) 305 (31.3) 263 (27.0) 272 (27.9) 1340 974 GB-GBN 140 106 (12.2) 191 (22.0) 242 (27.9) 329 (37.9) 1008 868 GB-NIR 33 37 (13.5) 77 (28.1) 57 (20.8) 103 (37.6) 307 274 IE 121 58 (6.5) 148 (16.7) 306 (34.5) 374 (42.2) 1007 886 IT 157 143 (18.8) 230 (30.2) 184 (24.1) 205 (26.9) 919 762 LU 46 37 (13.0) 90 (31.7) 60 (21.1) 97 (34.2) 330 284 NL 128 165 (17.1) 275 (28.4) 256 (26.5) 271 (28.0) 1095 967 N Sum 1656 1001 1857 2065 2425 9004 N Valid Sum 1001 1857 2065 2425 7348 Eurobarometer 10A - October 1978,GESIS Variable Report,50,ZA0995
v23,,NAT DEVELOPMENT POL - 1ST PRIORITY,,NAT DEVELOPMENT POL - 1ST PRIORITY,GESIS Variable Report,51,ZA0995
v24,,NAT DEVELOPMENT POL - 2ND PRIORITY,,NAT DEVELOPMENT POL - 2ND PRIORITY,GESIS Variable Report,52,ZA0995
v25,v25 0 1 2 3 N Sum N Valid Sum,NAT DEVELOPMENT POL - PRIOR INTERESTS,isocntry M BE 139 448 (51.2) 276 (31.5) 151 (17.3) 1014 875 DE 157 464 (55.0) 258 (30.6) 121 (14.4) 1000 843 DK 139 287 (34.0) 495 (58.6) 63 (7.5) 984 845 FR 127 564 (46.5) 494 (40.8) 154 (12.7) 1339 1212 GB-GBN 55 501 (52.6) 399 (41.9) 52 (5.5) 1007 952 GB-NIR 10 210 (70.7) 80 (26.9) 7 (2.4) 307 297 IE 51 451 (47.2) 449 (47.0) 56 (5.9) 1007 956 IT 67 294 (34.5) 406 (47.7) 152 (17.8) 919 852 LU 14 151 (47.8) 128 (40.5) 37 (11.7) 330 316 NL 42 427 (40.6) 425 (40.4) 200 (19.0) 1094 1052 N Sum 801 3797 3410 993 9001 N Valid Sum 3797 3410 993 8200 Eurobarometer 10A - October 1978,isocntry M BE 139 448 (51.2) 276 (31.5) 151 (17.3) 1014 875 DE 157 464 (55.0) 258 (30.6) 121 (14.4) 1000 843 DK 139 287 (34.0) 495 (58.6) 63 (7.5) 984 845 FR 127 564 (46.5) 494 (40.8) 154 (12.7) 1339 1212 GB-GBN 55 501 (52.6) 399 (41.9) 52 (5.5) 1007 952 GB-NIR 10 210 (70.7) 80 (26.9) 7 (2.4) 307 297 IE 51 451 (47.2) 449 (47.0) 56 (5.9) 1007 956 IT 67 294 (34.5) 406 (47.7) 152 (17.8) 919 852 LU 14 151 (47.8) 128 (40.5) 37 (11.7) 330 316 NL 42 427 (40.6) 425 (40.4) 200 (19.0) 1094 1052 N Sum 801 3797 3410 993 9001 N Valid Sum 3797 3410 993 8200 Eurobarometer 10A - October 1978,GESIS Variable Report,53,ZA0995
v26,,ATTACHMENT TO GEOGRAPHICAL UNIT - 1ST,,ATTACHMENT TO GEOGRAPHICAL UNIT - 1ST,GESIS Variable Report,54,ZA0995
v27,,ATTACHMENT TO GEOGRAPHICAL UNIT - 2ND,,ATTACHMENT TO GEOGRAPHICAL UNIT - 2ND,GESIS Variable Report,55,ZA0995
v28,,OPINION SCALE: USSR,,OPINION SCALE: USSR,GESIS Variable Report,56,ZA0995
v29,,OPINION SCALE: USA,,OPINION SCALE: USA,GESIS Variable Report,58,ZA0995
v30,,OPINION SCALE: CHINA,,OPINION SCALE: CHINA,GESIS Variable Report,60,ZA0995
v31,,OPINION SCALE: UNITED NATIONS,,OPINION SCALE: UNITED NATIONS,GESIS Variable Report,62,ZA0995
v32,,OPINION SCALE: EC,,OPINION SCALE: EC,GESIS Variable Report,64,ZA0995
v33,,SCIENCE OPINION SCALE: IMPROVING LIFE,,SCIENCE OPINION SCALE: IMPROVING LIFE,GESIS Variable Report,66,ZA0995
v34,v34 0 1 2 3 4 5 6 7 N Sum N Valid Sum,SCIENCE OPINION SCALE: CONSEQ NEGLECTED,isocntry M BE 170 82 (9.7) 61 (7.2) 58 (6.9) 93 (11.0) 114 (13.5) 130 (15.4) 306 (36.3) 1014 844 DE 104 41 (4.6) 55 (6.1) 96 (10.7) 146 (16.3) 176 (19.6) 154 (17.2) 228 (25.4) 1000 896 DK 135 143 (16.8) 57 (6.7) 45 (5.3) 88 (10.4) 96 (11.3) 88 (10.4) 333 (39.2) 985 850 FR 84 104 (8.3) 88 (7.0) 123 (9.8) 185 (14.7) 195 (15.5) 162 (12.9) 399 (31.8) 1340 1256 GB-GBN 38 94 (9.7) 57 (5.9) 84 (8.7) 115 (11.9) 140 (14.4) 114 (11.8) 366 (37.7) 1008 970 GB-NIR 13 24 (8.2) 12 (4.1) 16 (5.4) 27 (9.2) 58 (19.7) 53 (18.0) 104 (35.4) 307 294 IE 122 84 (9.5) 44 (5.0) 64 (7.2) 129 (14.6) 109 (12.3) 128 (14.5) 327 (36.9) 1007 885 IT 85 99 (11.9) 66 (7.9) 70 (8.4) 76 (9.1) 63 (7.6) 152 (18.2) 308 (36.9) 919 834 LU 18 26 (8.3) 23 (7.4) 43 (13.8) 46 (14.7) 34 (10.9) 45 (14.4) 95 (30.4) 330 312 NL 24 244 (22.8) 106 (9.9) 73 (6.8) 95 (8.9) 99 (9.3) 135 (12.6) 317 (29.7) 1093 1069 N Sum 793 941 569 672 1000 1084 1161 2783 9003 N Valid Sum 941 569 672 1000 1084 1161 2783 8210 Eurobarometer 10A - October 1978,isocntry M BE 170 82 (9.7) 61 (7.2) 58 (6.9) 93 (11.0) 114 (13.5) 130 (15.4) 306 (36.3) 1014 844 DE 104 41 (4.6) 55 (6.1) 96 (10.7) 146 (16.3) 176 (19.6) 154 (17.2) 228 (25.4) 1000 896 DK 135 143 (16.8) 57 (6.7) 45 (5.3) 88 (10.4) 96 (11.3) 88 (10.4) 333 (39.2) 985 850 FR 84 104 (8.3) 88 (7.0) 123 (9.8) 185 (14.7) 195 (15.5) 162 (12.9) 399 (31.8) 1340 1256 GB-GBN 38 94 (9.7) 57 (5.9) 84 (8.7) 115 (11.9) 140 (14.4) 114 (11.8) 366 (37.7) 1008 970 GB-NIR 13 24 (8.2) 12 (4.1) 16 (5.4) 27 (9.2) 58 (19.7) 53 (18.0) 104 (35.4) 307 294 IE 122 84 (9.5) 44 (5.0) 64 (7.2) 129 (14.6) 109 (12.3) 128 (14.5) 327 (36.9) 1007 885 IT 85 99 (11.9) 66 (7.9) 70 (8.4) 76 (9.1) 63 (7.6) 152 (18.2) 308 (36.9) 919 834 LU 18 26 (8.3) 23 (7.4) 43 (13.8) 46 (14.7) 34 (10.9) 45 (14.4) 95 (30.4) 330 312 NL 24 244 (22.8) 106 (9.9) 73 (6.8) 95 (8.9) 99 (9.3) 135 (12.6) 317 (29.7) 1093 1069 N Sum 793 941 569 672 1000 1084 1161 2783 9003 N Valid Sum 941 569 672 1000 1084 1161 2783 8210 Eurobarometer 10A - October 1978,GESIS Variable Report,67,ZA0995
v35,v35 0 1 2 3 4 5 6 7 N Sum N Valid Sum,SCIENCE OPINION SCALE: KNOWLEDGE GOOD,isocntry M BE 173 23 (2.7) 34 (4.0) 51 (6.1) 102 (12.1) 132 (15.7) 140 (16.6) 359 (42.7) 1014 841 DE 95 17 (1.9) 36 (4.0) 68 (7.5) 140 (15.5) 205 (22.7) 185 (20.4) 254 (28.1) 1000 905 DK 105 37 (4.2) 37 (4.2) 28 (3.2) 94 (10.7) 86 (9.8) 107 (12.2) 489 (55.7) 983 878 FR 77 44 (3.5) 40 (3.2) 93 (7.4) 140 (11.1) 220 (17.4) 182 (14.4) 544 (43.1) 1340 1263 GB-GBN 28 37 (3.8) 36 (3.7) 61 (6.2) 132 (13.5) 153 (15.6) 157 (16.0) 404 (41.2) 1008 980 GB-NIR 15 8 (2.7) 6 (2.1) 10 (3.4) 31 (10.6) 45 (15.4) 67 (22.9) 125 (42.8) 307 292 IE 95 24 (2.6) 29 (3.2) 43 (4.7) 98 (10.7) 103 (11.3) 165 (18.1) 450 (49.3) 1007 912 IT 61 29 (3.4) 33 (3.8) 54 (6.3) 72 (8.4) 101 (11.8) 176 (20.5) 393 (45.8) 919 858 LU 21 3 (1.0) 17 (5.5) 25 (8.1) 50 (16.2) 53 (17.2) 59 (19.1) 102 (33.0) 330 309 NL 29 36 (3.4) 47 (4.4) 93 (8.7) 165 (15.5) 148 (13.9) 188 (17.6) 389 (36.5) 1095 1066 N Sum 699 258 315 526 1024 1246 1426 3509 9003 N Valid Sum 258 315 526 1024 1246 1426 3509 8304 Eurobarometer 10A - October 1978,isocntry M BE 173 23 (2.7) 34 (4.0) 51 (6.1) 102 (12.1) 132 (15.7) 140 (16.6) 359 (42.7) 1014 841 DE 95 17 (1.9) 36 (4.0) 68 (7.5) 140 (15.5) 205 (22.7) 185 (20.4) 254 (28.1) 1000 905 DK 105 37 (4.2) 37 (4.2) 28 (3.2) 94 (10.7) 86 (9.8) 107 (12.2) 489 (55.7) 983 878 FR 77 44 (3.5) 40 (3.2) 93 (7.4) 140 (11.1) 220 (17.4) 182 (14.4) 544 (43.1) 1340 1263 GB-GBN 28 37 (3.8) 36 (3.7) 61 (6.2) 132 (13.5) 153 (15.6) 157 (16.0) 404 (41.2) 1008 980 GB-NIR 15 8 (2.7) 6 (2.1) 10 (3.4) 31 (10.6) 45 (15.4) 67 (22.9) 125 (42.8) 307 292 IE 95 24 (2.6) 29 (3.2) 43 (4.7) 98 (10.7) 103 (11.3) 165 (18.1) 450 (49.3) 1007 912 IT 61 29 (3.4) 33 (3.8) 54 (6.3) 72 (8.4) 101 (11.8) 176 (20.5) 393 (45.8) 919 858 LU 21 3 (1.0) 17 (5.5) 25 (8.1) 50 (16.2) 53 (17.2) 59 (19.1) 102 (33.0) 330 309 NL 29 36 (3.4) 47 (4.4) 93 (8.7) 165 (15.5) 148 (13.9) 188 (17.6) 389 (36.5) 1095 1066 N Sum 699 258 315 526 1024 1246 1426 3509 9003 N Valid Sum 258 315 526 1024 1246 1426 3509 8304 Eurobarometer 10A - October 1978,GESIS Variable Report,68,ZA0995
v36,v36 0 1 2 3 4 5 6 7 N Sum N Valid Sum,SCIENCE OPINION SCALE: RISKS DIFFICULT,isocntry M BE 171 38 (4.5) 52 (6.2) 52 (6.2) 88 (10.4) 112 (13.3) 162 (19.2) 339 (40.2) 1014 843 DE 94 18 (2.0) 35 (3.9) 72 (7.9) 150 (16.6) 190 (21.0) 194 (21.4) 247 (27.3) 1000 906 DK 171 40 (4.9) 33 (4.1) 33 (4.1) 114 (14.0) 94 (11.6) 104 (12.8) 394 (48.5) 983 812 FR 64 59 (4.6) 41 (3.2) 80 (6.3) 135 (10.6) 202 (15.8) 193 (15.1) 565 (44.3) 1339 1275 GB-GBN 36 61 (6.3) 65 (6.7) 73 (7.5) 110 (11.3) 154 (15.9) 162 (16.7) 346 (35.6) 1007 971 GB-NIR 28 9 (3.2) 10 (3.6) 11 (3.9) 29 (10.4) 51 (18.3) 72 (25.8) 97 (34.8) 307 279 IE 138 41 (4.7) 58 (6.7) 51 (5.9) 122 (14.0) 119 (13.7) 152 (17.5) 326 (37.5) 1007 869 IT 72 34 (4.0) 50 (5.9) 35 (4.1) 63 (7.4) 95 (11.2) 168 (19.8) 402 (47.5) 919 847 LU 26 11 (3.6) 14 (4.6) 15 (4.9) 54 (17.8) 69 (22.7) 59 (19.4) 82 (27.0) 330 304 NL 29 55 (5.2) 79 (7.4) 84 (7.9) 122 (11.5) 153 (14.4) 170 (16.0) 402 (37.7) 1094 1065 N Sum 829 366 437 506 987 1239 1436 3200 9000 N Valid Sum 366 437 506 987 1239 1436 3200 8171 Eurobarometer 10A - October 1978,isocntry M BE 171 38 (4.5) 52 (6.2) 52 (6.2) 88 (10.4) 112 (13.3) 162 (19.2) 339 (40.2) 1014 843 DE 94 18 (2.0) 35 (3.9) 72 (7.9) 150 (16.6) 190 (21.0) 194 (21.4) 247 (27.3) 1000 906 DK 171 40 (4.9) 33 (4.1) 33 (4.1) 114 (14.0) 94 (11.6) 104 (12.8) 394 (48.5) 983 812 FR 64 59 (4.6) 41 (3.2) 80 (6.3) 135 (10.6) 202 (15.8) 193 (15.1) 565 (44.3) 1339 1275 GB-GBN 36 61 (6.3) 65 (6.7) 73 (7.5) 110 (11.3) 154 (15.9) 162 (16.7) 346 (35.6) 1007 971 GB-NIR 28 9 (3.2) 10 (3.6) 11 (3.9) 29 (10.4) 51 (18.3) 72 (25.8) 97 (34.8) 307 279 IE 138 41 (4.7) 58 (6.7) 51 (5.9) 122 (14.0) 119 (13.7) 152 (17.5) 326 (37.5) 1007 869 IT 72 34 (4.0) 50 (5.9) 35 (4.1) 63 (7.4) 95 (11.2) 168 (19.8) 402 (47.5) 919 847 LU 26 11 (3.6) 14 (4.6) 15 (4.9) 54 (17.8) 69 (22.7) 59 (19.4) 82 (27.0) 330 304 NL 29 55 (5.2) 79 (7.4) 84 (7.9) 122 (11.5) 153 (14.4) 170 (16.0) 402 (37.7) 1094 1065 N Sum 829 366 437 506 987 1239 1436 3200 9000 N Valid Sum 366 437 506 987 1239 1436 3200 8171 Eurobarometer 10A - October 1978,GESIS Variable Report,69,ZA0995
v37,v37 0 1 2 3 4 5 6 7 N Sum N Valid Sum,SCIENCE OPINION SCALE: RISKS COUNTERED,isocntry M BE 177 98 (11.7) 78 (9.3) 99 (11.8) 112 (13.4) 116 (13.9) 123 (14.7) 211 (25.2) 1014 837 DE 110 35 (3.9) 56 (6.3) 94 (10.6) 157 (17.6) 186 (20.9) 173 (19.4) 189 (21.2) 1000 890 DK 150 91 (10.9) 55 (6.6) 59 (7.1) 115 (13.8) 109 (13.1) 107 (12.8) 298 (35.7) 984 834 FR 136 146 (12.1) 109 (9.0) 158 (13.1) 194 (16.1) 198 (16.4) 154 (12.8) 246 (20.4) 1341 1205 GB-GBN 61 141 (14.9) 105 (11.1) 150 (15.8) 156 (16.5) 126 (13.3) 99 (10.4) 171 (18.0) 1009 948 GB-NIR 49 36 (14.0) 33 (12.8) 35 (13.6) 48 (18.6) 37 (14.3) 32 (12.4) 37 (14.3) 307 258 IE 177 110 (13.3) 103 (12.4) 82 (9.9) 150 (18.1) 128 (15.4) 104 (12.5) 153 (18.4) 1007 830 IT 98 76 (9.3) 57 (6.9) 73 (8.9) 105 (12.8) 126 (15.3) 166 (20.2) 218 (26.6) 919 821 LU 33 11 (3.7) 17 (5.7) 32 (10.8) 51 (17.2) 57 (19.2) 52 (17.5) 77 (25.9) 330 297 NL 28 128 (12.0) 120 (11.3) 129 (12.1) 177 (16.6) 155 (14.6) 133 (12.5) 223 (20.9) 1093 1065 N Sum 1019 872 733 911 1265 1238 1143 1823 9004 N Valid Sum 872 733 911 1265 1238 1143 1823 7985 Eurobarometer 10A - October 1978,isocntry M BE 177 98 (11.7) 78 (9.3) 99 (11.8) 112 (13.4) 116 (13.9) 123 (14.7) 211 (25.2) 1014 837 DE 110 35 (3.9) 56 (6.3) 94 (10.6) 157 (17.6) 186 (20.9) 173 (19.4) 189 (21.2) 1000 890 DK 150 91 (10.9) 55 (6.6) 59 (7.1) 115 (13.8) 109 (13.1) 107 (12.8) 298 (35.7) 984 834 FR 136 146 (12.1) 109 (9.0) 158 (13.1) 194 (16.1) 198 (16.4) 154 (12.8) 246 (20.4) 1341 1205 GB-GBN 61 141 (14.9) 105 (11.1) 150 (15.8) 156 (16.5) 126 (13.3) 99 (10.4) 171 (18.0) 1009 948 GB-NIR 49 36 (14.0) 33 (12.8) 35 (13.6) 48 (18.6) 37 (14.3) 32 (12.4) 37 (14.3) 307 258 IE 177 110 (13.3) 103 (12.4) 82 (9.9) 150 (18.1) 128 (15.4) 104 (12.5) 153 (18.4) 1007 830 IT 98 76 (9.3) 57 (6.9) 73 (8.9) 105 (12.8) 126 (15.3) 166 (20.2) 218 (26.6) 919 821 LU 33 11 (3.7) 17 (5.7) 32 (10.8) 51 (17.2) 57 (19.2) 52 (17.5) 77 (25.9) 330 297 NL 28 128 (12.0) 120 (11.3) 129 (12.1) 177 (16.6) 155 (14.6) 133 (12.5) 223 (20.9) 1093 1065 N Sum 1019 872 733 911 1265 1238 1143 1823 9004 N Valid Sum 872 733 911 1265 1238 1143 1823 7985 Eurobarometer 10A - October 1978,GESIS Variable Report,70,ZA0995
v38,v38 0 1 2 3 4 5 6 7 N Sum N Valid Sum,SCIENCE OPINION SCALE: BACK TO NATURE,isocntry M BE 91 119 (12.9) 61 (6.6) 86 (9.3) 142 (15.4) 116 (12.6) 103 (11.2) 296 (32.1) 1014 923 DE 71 115 (12.4) 110 (11.8) 131 (14.1) 144 (15.5) 139 (15.0) 105 (11.3) 185 (19.9) 1000 929 DK 85 376 (41.8) 131 (14.6) 54 (6.0) 115 (12.8) 59 (6.6) 33 (3.7) 131 (14.6) 984 899 FR 38 235 (18.0) 109 (8.4) 115 (8.8) 189 (14.5) 136 (10.4) 111 (8.5) 407 (31.3) 1340 1302 GB-GBN 26 333 (33.9) 125 (12.7) 79 (8.0) 115 (11.7) 83 (8.4) 70 (7.1) 178 (18.1) 1009 983 GB-NIR 4 109 (36.0) 51 (16.8) 24 (7.9) 37 (12.2) 19 (6.3) 16 (5.3) 47 (15.5) 307 303 IE 58 349 (36.8) 128 (13.5) 71 (7.5) 101 (10.6) 70 (7.4) 63 (6.6) 167 (17.6) 1007 949 IT 16 143 (15.8) 63 (7.0) 66 (7.3) 91 (10.1) 80 (8.9) 105 (11.6) 355 (39.3) 919 903 LU 21 46 (14.9) 29 (9.4) 40 (12.9) 49 (15.9) 36 (11.7) 38 (12.3) 71 (23.0) 330 309 NL 13 257 (23.8) 135 (12.5) 103 (9.5) 158 (14.6) 102 (9.4) 101 (9.3) 225 (20.8) 1094 1081 N Sum 423 2082 942 769 1141 840 745 2062 9004 N Valid Sum 2082 942 769 1141 840 745 2062 8581 Eurobarometer 10A - October 1978,isocntry M BE 91 119 (12.9) 61 (6.6) 86 (9.3) 142 (15.4) 116 (12.6) 103 (11.2) 296 (32.1) 1014 923 DE 71 115 (12.4) 110 (11.8) 131 (14.1) 144 (15.5) 139 (15.0) 105 (11.3) 185 (19.9) 1000 929 DK 85 376 (41.8) 131 (14.6) 54 (6.0) 115 (12.8) 59 (6.6) 33 (3.7) 131 (14.6) 984 899 FR 38 235 (18.0) 109 (8.4) 115 (8.8) 189 (14.5) 136 (10.4) 111 (8.5) 407 (31.3) 1340 1302 GB-GBN 26 333 (33.9) 125 (12.7) 79 (8.0) 115 (11.7) 83 (8.4) 70 (7.1) 178 (18.1) 1009 983 GB-NIR 4 109 (36.0) 51 (16.8) 24 (7.9) 37 (12.2) 19 (6.3) 16 (5.3) 47 (15.5) 307 303 IE 58 349 (36.8) 128 (13.5) 71 (7.5) 101 (10.6) 70 (7.4) 63 (6.6) 167 (17.6) 1007 949 IT 16 143 (15.8) 63 (7.0) 66 (7.3) 91 (10.1) 80 (8.9) 105 (11.6) 355 (39.3) 919 903 LU 21 46 (14.9) 29 (9.4) 40 (12.9) 49 (15.9) 36 (11.7) 38 (12.3) 71 (23.0) 330 309 NL 13 257 (23.8) 135 (12.5) 103 (9.5) 158 (14.6) 102 (9.4) 101 (9.3) 225 (20.8) 1094 1081 N Sum 423 2082 942 769 1141 840 745 2062 9004 N Valid Sum 2082 942 769 1141 840 745 2062 8581 Eurobarometer 10A - October 1978,GESIS Variable Report,71,ZA0995
v39,v39 0 1 2 3 4 5 6 7 N Sum N Valid Sum,SCIENCE OPINION SCALE: PUBLIC CONTROL,isocntry M BE 133 62 (7.0) 49 (5.6) 56 (6.4) 105 (11.9) 114 (12.9) 122 (13.8) 373 (42.3) 1014 881 DE 102 58 (6.5) 47 (5.2) 85 (9.5) 191 (21.3) 181 (20.2) 143 (15.9) 193 (21.5) 1000 898 DK 114 88 (10.1) 40 (4.6) 34 (3.9) 113 (13.0) 87 (10.0) 103 (11.9) 404 (46.5) 983 869 FR 53 94 (7.3) 58 (4.5) 70 (5.4) 162 (12.6) 154 (12.0) 200 (15.6) 548 (42.6) 1339 1286 GB-GBN 21 70 (7.1) 60 (6.1) 79 (8.0) 98 (9.9) 114 (11.6) 131 (13.3) 435 (44.1) 1008 987 GB-NIR 28 28 (10.0) 22 (7.9) 25 (9.0) 27 (9.7) 32 (11.5) 39 (14.0) 106 (38.0) 307 279 IE 90 94 (10.3) 57 (6.2) 60 (6.5) 109 (11.9) 103 (11.2) 125 (13.6) 369 (40.2) 1007 917 IT 52 99 (11.4) 54 (6.2) 56 (6.5) 79 (9.1) 124 (14.3) 149 (17.2) 306 (35.3) 919 867 LU 26 15 (4.9) 12 (3.9) 24 (7.9) 43 (14.1) 59 (19.4) 50 (16.4) 101 (33.2) 330 304 NL 36 71 (6.7) 59 (5.6) 72 (6.8) 124 (11.7) 134 (12.7) 165 (15.6) 433 (40.9) 1094 1058 N Sum 655 679 458 561 1051 1102 1227 3268 9001 N Valid Sum 679 458 561 1051 1102 1227 3268 8346 Eurobarometer 10A - October 1978,isocntry M BE 133 62 (7.0) 49 (5.6) 56 (6.4) 105 (11.9) 114 (12.9) 122 (13.8) 373 (42.3) 1014 881 DE 102 58 (6.5) 47 (5.2) 85 (9.5) 191 (21.3) 181 (20.2) 143 (15.9) 193 (21.5) 1000 898 DK 114 88 (10.1) 40 (4.6) 34 (3.9) 113 (13.0) 87 (10.0) 103 (11.9) 404 (46.5) 983 869 FR 53 94 (7.3) 58 (4.5) 70 (5.4) 162 (12.6) 154 (12.0) 200 (15.6) 548 (42.6) 1339 1286 GB-GBN 21 70 (7.1) 60 (6.1) 79 (8.0) 98 (9.9) 114 (11.6) 131 (13.3) 435 (44.1) 1008 987 GB-NIR 28 28 (10.0) 22 (7.9) 25 (9.0) 27 (9.7) 32 (11.5) 39 (14.0) 106 (38.0) 307 279 IE 90 94 (10.3) 57 (6.2) 60 (6.5) 109 (11.9) 103 (11.2) 125 (13.6) 369 (40.2) 1007 917 IT 52 99 (11.4) 54 (6.2) 56 (6.5) 79 (9.1) 124 (14.3) 149 (17.2) 306 (35.3) 919 867 LU 26 15 (4.9) 12 (3.9) 24 (7.9) 43 (14.1) 59 (19.4) 50 (16.4) 101 (33.2) 330 304 NL 36 71 (6.7) 59 (5.6) 72 (6.8) 124 (11.7) 134 (12.7) 165 (15.6) 433 (40.9) 1094 1058 N Sum 655 679 458 561 1051 1102 1227 3268 9001 N Valid Sum 679 458 561 1051 1102 1227 3268 8346 Eurobarometer 10A - October 1978,GESIS Variable Report,72,ZA0995
v40,v40 0 1 2 3 4 5 6 7 N Sum N Valid Sum,SCIENCE OPINION SCALE: GENERAL BENEFIT,isocntry M BE 240 91 (11.8) 75 (9.7) 91 (11.8) 157 (20.3) 106 (13.7) 126 (16.3) 128 (16.5) 1014 774 DE 83 52 (5.7) 64 (7.0) 134 (14.6) 193 (21.0) 181 (19.7) 152 (16.6) 141 (15.4) 1000 917 DK 156 98 (11.9) 89 (10.8) 91 (11.0) 133 (16.1) 109 (13.2) 113 (13.7) 193 (23.4) 982 826 FR 119 146 (11.9) 107 (8.8) 145 (11.9) 207 (16.9) 235 (19.2) 157 (12.8) 225 (18.4) 1341 1222 GB-GBN 47 81 (8.4) 84 (8.7) 89 (9.3) 163 (17.0) 184 (19.1) 161 (16.8) 199 (20.7) 1008 961 GB-NIR 38 22 (8.2) 19 (7.1) 27 (10.0) 45 (16.7) 53 (19.7) 43 (16.0) 60 (22.3) 307 269 IE 143 95 (11.0) 77 (8.9) 88 (10.2) 152 (17.6) 129 (14.9) 146 (16.9) 177 (20.5) 1007 864 IT 91 209 (25.2) 143 (17.3) 113 (13.6) 91 (11.0) 69 (8.3) 83 (10.0) 120 (14.5) 919 828 LU 38 15 (5.1) 27 (9.2) 42 (14.4) 55 (18.8) 58 (19.9) 42 (14.4) 53 (18.2) 330 292 NL 61 58 (5.6) 59 (5.7) 111 (10.7) 216 (20.9) 218 (21.1) 185 (17.9) 187 (18.1) 1095 1034 N Sum 1016 867 744 931 1412 1342 1208 1483 9003 N Valid Sum 867 744 931 1412 1342 1208 1483 7987 Eurobarometer 10A - October 1978,isocntry M BE 240 91 (11.8) 75 (9.7) 91 (11.8) 157 (20.3) 106 (13.7) 126 (16.3) 128 (16.5) 1014 774 DE 83 52 (5.7) 64 (7.0) 134 (14.6) 193 (21.0) 181 (19.7) 152 (16.6) 141 (15.4) 1000 917 DK 156 98 (11.9) 89 (10.8) 91 (11.0) 133 (16.1) 109 (13.2) 113 (13.7) 193 (23.4) 982 826 FR 119 146 (11.9) 107 (8.8) 145 (11.9) 207 (16.9) 235 (19.2) 157 (12.8) 225 (18.4) 1341 1222 GB-GBN 47 81 (8.4) 84 (8.7) 89 (9.3) 163 (17.0) 184 (19.1) 161 (16.8) 199 (20.7) 1008 961 GB-NIR 38 22 (8.2) 19 (7.1) 27 (10.0) 45 (16.7) 53 (19.7) 43 (16.0) 60 (22.3) 307 269 IE 143 95 (11.0) 77 (8.9) 88 (10.2) 152 (17.6) 129 (14.9) 146 (16.9) 177 (20.5) 1007 864 IT 91 209 (25.2) 143 (17.3) 113 (13.6) 91 (11.0) 69 (8.3) 83 (10.0) 120 (14.5) 919 828 LU 38 15 (5.1) 27 (9.2) 42 (14.4) 55 (18.8) 58 (19.9) 42 (14.4) 53 (18.2) 330 292 NL 61 58 (5.6) 59 (5.7) 111 (10.7) 216 (20.9) 218 (21.1) 185 (17.9) 187 (18.1) 1095 1034 N Sum 1016 867 744 931 1412 1342 1208 1483 9003 N Valid Sum 867 744 931 1412 1342 1208 1483 7987 Eurobarometer 10A - October 1978,GESIS Variable Report,73,ZA0995
v41,v41 0 1 2 3 4 5 6 7 N Sum N Valid Sum,SCIENCE OPINION SCALE: POLIT DECISIONS,isocntry M BE 270 25 (3.4) 33 (4.4) 72 (9.7) 138 (18.5) 94 (12.6) 137 (18.4) 245 (32.9) 1014 744 DE 107 35 (3.9) 75 (8.4) 126 (14.1) 171 (19.1) 203 (22.7) 132 (14.8) 151 (16.9) 1000 893 DK 207 62 (8.0) 42 (5.4) 57 (7.3) 110 (14.2) 116 (14.9) 102 (13.1) 287 (37.0) 983 776 FR 231 52 (4.7) 64 (5.8) 99 (8.9) 181 (16.3) 202 (18.2) 192 (17.3) 320 (28.8) 1341 1110 GB-GBN 68 46 (4.9) 42 (4.5) 66 (7.0) 127 (13.5) 182 (19.3) 165 (17.5) 313 (33.3) 1009 941 GB-NIR 44 11 (4.2) 20 (7.6) 16 (6.1) 41 (15.6) 44 (16.7) 42 (16.0) 89 (33.8) 307 263 IE 174 74 (8.9) 69 (8.3) 57 (6.8) 130 (15.6) 120 (14.4) 119 (14.3) 264 (31.7) 1007 833 IT 118 53 (6.6) 39 (4.9) 45 (5.6) 62 (7.7) 83 (10.4) 183 (22.8) 336 (41.9) 919 801 LU 42 8 (2.8) 30 (10.4) 33 (11.5) 55 (19.1) 60 (20.8) 44 (15.3) 58 (20.1) 330 288 NL 138 49 (5.1) 71 (7.4) 114 (11.9) 232 (24.3) 193 (20.2) 125 (13.1) 172 (18.0) 1094 956 N Sum 1399 415 485 685 1247 1297 1241 2235 9004 N Valid Sum 415 485 685 1247 1297 1241 2235 7605 Eurobarometer 10A - October 1978,isocntry M BE 270 25 (3.4) 33 (4.4) 72 (9.7) 138 (18.5) 94 (12.6) 137 (18.4) 245 (32.9) 1014 744 DE 107 35 (3.9) 75 (8.4) 126 (14.1) 171 (19.1) 203 (22.7) 132 (14.8) 151 (16.9) 1000 893 DK 207 62 (8.0) 42 (5.4) 57 (7.3) 110 (14.2) 116 (14.9) 102 (13.1) 287 (37.0) 983 776 FR 231 52 (4.7) 64 (5.8) 99 (8.9) 181 (16.3) 202 (18.2) 192 (17.3) 320 (28.8) 1341 1110 GB-GBN 68 46 (4.9) 42 (4.5) 66 (7.0) 127 (13.5) 182 (19.3) 165 (17.5) 313 (33.3) 1009 941 GB-NIR 44 11 (4.2) 20 (7.6) 16 (6.1) 41 (15.6) 44 (16.7) 42 (16.0) 89 (33.8) 307 263 IE 174 74 (8.9) 69 (8.3) 57 (6.8) 130 (15.6) 120 (14.4) 119 (14.3) 264 (31.7) 1007 833 IT 118 53 (6.6) 39 (4.9) 45 (5.6) 62 (7.7) 83 (10.4) 183 (22.8) 336 (41.9) 919 801 LU 42 8 (2.8) 30 (10.4) 33 (11.5) 55 (19.1) 60 (20.8) 44 (15.3) 58 (20.1) 330 288 NL 138 49 (5.1) 71 (7.4) 114 (11.9) 232 (24.3) 193 (20.2) 125 (13.1) 172 (18.0) 1094 956 N Sum 1399 415 485 685 1247 1297 1241 2235 9004 N Valid Sum 415 485 685 1247 1297 1241 2235 7605 Eurobarometer 10A - October 1978,GESIS Variable Report,74,ZA0995
v42,v42 0 1 2 3 4 5 6 7 N Sum N Valid Sum,SCIENCE OPINION SCALE: DEFICIENT KNOWL,isocntry M BE 96 68 (7.4) 51 (5.6) 61 (6.6) 115 (12.5) 80 (8.7) 109 (11.9) 434 (47.3) 1014 918 DE 60 51 (5.4) 67 (7.1) 104 (11.1) 153 (16.3) 153 (16.3) 152 (16.2) 260 (27.7) 1000 940 DK 59 66 (7.1) 52 (5.6) 38 (4.1) 79 (8.5) 71 (7.7) 97 (10.5) 521 (56.4) 983 924 FR 26 94 (7.2) 56 (4.3) 92 (7.0) 148 (11.3) 160 (12.2) 138 (10.5) 626 (47.6) 1340 1314 GB-GBN 17 79 (8.0) 73 (7.4) 61 (6.2) 126 (12.7) 131 (13.2) 106 (10.7) 415 (41.9) 1008 991 GB-NIR 3 10 (3.3) 17 (5.6) 9 (3.0) 27 (8.9) 21 (6.9) 34 (11.2) 186 (61.2) 307 304 IE 31 59 (6.0) 41 (4.2) 60 (6.1) 98 (10.0) 94 (9.6) 136 (13.9) 488 (50.0) 1007 976 IT 14 50 (5.5) 34 (3.8) 31 (3.4) 77 (8.5) 83 (9.2) 135 (14.9) 495 (54.7) 919 905 LU 17 42 (13.4) 28 (8.9) 32 (10.2) 51 (16.3) 31 (9.9) 35 (11.2) 94 (30.0) 330 313 NL 16 74 (6.9) 89 (8.3) 72 (6.7) 118 (10.9) 121 (11.2) 149 (13.8) 455 (42.2) 1094 1078 N Sum 339 593 508 560 992 945 1091 3974 9002 N Valid Sum 593 508 560 992 945 1091 3974 8663 Eurobarometer 10A - October 1978,isocntry M BE 96 68 (7.4) 51 (5.6) 61 (6.6) 115 (12.5) 80 (8.7) 109 (11.9) 434 (47.3) 1014 918 DE 60 51 (5.4) 67 (7.1) 104 (11.1) 153 (16.3) 153 (16.3) 152 (16.2) 260 (27.7) 1000 940 DK 59 66 (7.1) 52 (5.6) 38 (4.1) 79 (8.5) 71 (7.7) 97 (10.5) 521 (56.4) 983 924 FR 26 94 (7.2) 56 (4.3) 92 (7.0) 148 (11.3) 160 (12.2) 138 (10.5) 626 (47.6) 1340 1314 GB-GBN 17 79 (8.0) 73 (7.4) 61 (6.2) 126 (12.7) 131 (13.2) 106 (10.7) 415 (41.9) 1008 991 GB-NIR 3 10 (3.3) 17 (5.6) 9 (3.0) 27 (8.9) 21 (6.9) 34 (11.2) 186 (61.2) 307 304 IE 31 59 (6.0) 41 (4.2) 60 (6.1) 98 (10.0) 94 (9.6) 136 (13.9) 488 (50.0) 1007 976 IT 14 50 (5.5) 34 (3.8) 31 (3.4) 77 (8.5) 83 (9.2) 135 (14.9) 495 (54.7) 919 905 LU 17 42 (13.4) 28 (8.9) 32 (10.2) 51 (16.3) 31 (9.9) 35 (11.2) 94 (30.0) 330 313 NL 16 74 (6.9) 89 (8.3) 72 (6.7) 118 (10.9) 121 (11.2) 149 (13.8) 455 (42.2) 1094 1078 N Sum 339 593 508 560 992 945 1091 3974 9002 N Valid Sum 593 508 560 992 945 1091 3974 8663 Eurobarometer 10A - October 1978,GESIS Variable Report,75,ZA0995
v43,v43 0 1 2 3 4 5 6 7 N Sum N Valid Sum,SCIENCE OPINION SCALE: PROFESS CONTACT,isocntry M BE 114 407 (45.2) 86 (9.6) 54 (6.0) 82 (9.1) 69 (7.7) 66 (7.3) 136 (15.1) 1014 900 DE 60 384 (40.9) 113 (12.0) 100 (10.6) 128 (13.6) 85 (9.0) 67 (7.1) 63 (6.7) 1000 940 DK 73 364 (40.0) 58 (6.4) 31 (3.4) 61 (6.7) 83 (9.1) 79 (8.7) 235 (25.8) 984 911 FR 60 536 (41.9) 83 (6.5) 62 (4.8) 104 (8.1) 146 (11.4) 125 (9.8) 224 (17.5) 1340 1280 GB-GBN 33 491 (50.4) 69 (7.1) 42 (4.3) 59 (6.1) 62 (6.4) 64 (6.6) 188 (19.3) 1008 975 GB-NIR 2 179 (58.7) 18 (5.9) 18 (5.9) 15 (4.9) 15 (4.9) 20 (6.6) 40 (13.1) 307 305 IE 47 498 (51.9) 80 (8.3) 45 (4.7) 71 (7.4) 69 (7.2) 72 (7.5) 125 (13.0) 1007 960 IT 24 354 (39.6) 96 (10.7) 65 (7.3) 64 (7.2) 83 (9.3) 87 (9.7) 146 (16.3) 919 895 LU 21 62 (20.1) 16 (5.2) 29 (9.4) 38 (12.3) 39 (12.6) 46 (14.9) 79 (25.6) 330 309 NL 24 392 (36.7) 161 (15.1) 59 (5.5) 92 (8.6) 98 (9.2) 105 (9.8) 162 (15.2) 1093 1069 N Sum 458 3667 780 505 714 749 731 1398 9002 N Valid Sum 3667 780 505 714 749 731 1398 8544 Eurobarometer 10A - October 1978,isocntry M BE 114 407 (45.2) 86 (9.6) 54 (6.0) 82 (9.1) 69 (7.7) 66 (7.3) 136 (15.1) 1014 900 DE 60 384 (40.9) 113 (12.0) 100 (10.6) 128 (13.6) 85 (9.0) 67 (7.1) 63 (6.7) 1000 940 DK 73 364 (40.0) 58 (6.4) 31 (3.4) 61 (6.7) 83 (9.1) 79 (8.7) 235 (25.8) 984 911 FR 60 536 (41.9) 83 (6.5) 62 (4.8) 104 (8.1) 146 (11.4) 125 (9.8) 224 (17.5) 1340 1280 GB-GBN 33 491 (50.4) 69 (7.1) 42 (4.3) 59 (6.1) 62 (6.4) 64 (6.6) 188 (19.3) 1008 975 GB-NIR 2 179 (58.7) 18 (5.9) 18 (5.9) 15 (4.9) 15 (4.9) 20 (6.6) 40 (13.1) 307 305 IE 47 498 (51.9) 80 (8.3) 45 (4.7) 71 (7.4) 69 (7.2) 72 (7.5) 125 (13.0) 1007 960 IT 24 354 (39.6) 96 (10.7) 65 (7.3) 64 (7.2) 83 (9.3) 87 (9.7) 146 (16.3) 919 895 LU 21 62 (20.1) 16 (5.2) 29 (9.4) 38 (12.3) 39 (12.6) 46 (14.9) 79 (25.6) 330 309 NL 24 392 (36.7) 161 (15.1) 59 (5.5) 92 (8.6) 98 (9.2) 105 (9.8) 162 (15.2) 1093 1069 N Sum 458 3667 780 505 714 749 731 1398 9002 N Valid Sum 3667 780 505 714 749 731 1398 8544 Eurobarometer 10A - October 1978,GESIS Variable Report,76,ZA0995
v44,,SCIENTIF RES PRIO: SATELLITES,,SCIENTIF RES PRIO: SATELLITES,GESIS Variable Report,77,ZA0995
v45,,SCIENTIF RES PRIO: ORGAN TRANSPL,,SCIENTIF RES PRIO: ORGAN TRANSPL,GESIS Variable Report,78,ZA0995
v46,,SCIENTIF RES PRIO: DATA ON PEOPLE,,SCIENTIF RES PRIO: DATA ON PEOPLE,GESIS Variable Report,79,ZA0995
v47,,SCIENTIF RES PRIO: SYNTHETIC FOODS,,SCIENTIF RES PRIO: SYNTHETIC FOODS,GESIS Variable Report,80,ZA0995
v48,,SCIENTIF RES PRIO: NUCLEAR POWER,,SCIENTIF RES PRIO: NUCLEAR POWER,GESIS Variable Report,81,ZA0995
v49,,SCIENTIF RES PRIO: GENETICS,,SCIENTIF RES PRIO: GENETICS,GESIS Variable Report,82,ZA0995
v50,,SCIENTIF RES PRIO: ENERGY SOURCES,,SCIENTIF RES PRIO: ENERGY SOURCES,GESIS Variable Report,83,ZA0995
v51,,SCIENTIF RES PRIO: SYNTHETIC MAT,,SCIENTIF RES PRIO: SYNTHETIC MAT,GESIS Variable Report,84,ZA0995
v52,,SATELLITES - KNOWLEDGE,,SATELLITES - KNOWLEDGE,GESIS Variable Report,85,ZA0995
v53,,SATELLITES - PROBLEM,,SATELLITES - PROBLEM,GESIS Variable Report,86,ZA0995
v54,v54 0 1 2 N Sum N Valid Sum,ORGAN TRANSPL - KNOWLEDGE,isocntry M BE 140 783 (89.6) 91 (10.4) 1014 874 DE 163 714 (85.3) 123 (14.7) 1000 837 DK 92 802 (89.9) 90 (10.1) 984 892 FR 49 1224 (94.8) 67 (5.2) 1340 1291 GB-GBN 67 779 (82.7) 163 (17.3) 1009 942 GB-NIR 16 282 (96.9) 9 (3.1) 307 291 IE 112 803 (89.7) 92 (10.3) 1007 895 IT 31 834 (93.9) 54 (6.1) 919 888 LU 18 255 (81.7) 57 (18.3) 330 312 NL 46 988 (94.3) 60 (5.7) 1094 1048 N Sum 734 7464 806 9004 N Valid Sum 7464 806 8270 Eurobarometer 10A - October 1978,isocntry M BE 140 783 (89.6) 91 (10.4) 1014 874 DE 163 714 (85.3) 123 (14.7) 1000 837 DK 92 802 (89.9) 90 (10.1) 984 892 FR 49 1224 (94.8) 67 (5.2) 1340 1291 GB-GBN 67 779 (82.7) 163 (17.3) 1009 942 GB-NIR 16 282 (96.9) 9 (3.1) 307 291 IE 112 803 (89.7) 92 (10.3) 1007 895 IT 31 834 (93.9) 54 (6.1) 919 888 LU 18 255 (81.7) 57 (18.3) 330 312 NL 46 988 (94.3) 60 (5.7) 1094 1048 N Sum 734 7464 806 9004 N Valid Sum 7464 806 8270 Eurobarometer 10A - October 1978,GESIS Variable Report,87,ZA0995
v55,,ORGAN TRANSPL - PROBLEM,,ORGAN TRANSPL - PROBLEM,GESIS Variable Report,88,ZA0995
v56,v56 0 1 2 N Sum N Valid Sum,DATA ON PEOPLE - KNOWLEDGE,isocntry M BE 219 380 (47.8) 415 (52.2) 1014 795 DE 248 209 (27.8) 543 (72.2) 1000 752 DK 142 352 (41.8) 490 (58.2) 984 842 FR 161 394 (33.4) 785 (66.6) 1340 1179 GB-GBN 137 217 (24.9) 654 (75.1) 1008 871 GB-NIR 67 90 (37.5) 150 (62.5) 307 240 IE 230 269 (34.6) 508 (65.4) 1007 777 IT 113 494 (61.3) 312 (38.7) 919 806 LU 40 97 (33.4) 193 (66.6) 330 290 NL 91 439 (43.7) 565 (56.3) 1095 1004 N Sum 1448 2941 4615 9004 N Valid Sum 2941 4615 7556 Eurobarometer 10A - October 1978,isocntry M BE 219 380 (47.8) 415 (52.2) 1014 795 DE 248 209 (27.8) 543 (72.2) 1000 752 DK 142 352 (41.8) 490 (58.2) 984 842 FR 161 394 (33.4) 785 (66.6) 1340 1179 GB-GBN 137 217 (24.9) 654 (75.1) 1008 871 GB-NIR 67 90 (37.5) 150 (62.5) 307 240 IE 230 269 (34.6) 508 (65.4) 1007 777 IT 113 494 (61.3) 312 (38.7) 919 806 LU 40 97 (33.4) 193 (66.6) 330 290 NL 91 439 (43.7) 565 (56.3) 1095 1004 N Sum 1448 2941 4615 9004 N Valid Sum 2941 4615 7556 Eurobarometer 10A - October 1978,GESIS Variable Report,89,ZA0995
v57,,DATA ON PEOPLE - PROBLEM,,DATA ON PEOPLE - PROBLEM,GESIS Variable Report,90,ZA0995
v58,v58 0 1 2 N Sum N Valid Sum,SYNTHETIC FOODS - KNOWLEDGE,isocntry M BE 211 282 (35.1) 521 (64.9) 1014 803 DE 208 483 (61.0) 309 (39.0) 1000 792 DK 137 299 (35.3) 547 (64.7) 983 846 FR 119 315 (25.8) 905 (74.2) 1339 1220 GB-GBN 105 555 (61.5) 348 (38.5) 1008 903 GB-NIR 48 149 (57.5) 110 (42.5) 307 259 IE 166 439 (52.2) 402 (47.8) 1007 841 IT 81 229 (27.3) 609 (72.7) 919 838 LU 39 89 (30.6) 202 (69.4) 330 291 NL 95 378 (37.8) 621 (62.2) 1094 999 N Sum 1209 3218 4574 9001 N Valid Sum 3218 4574 7792 Eurobarometer 10A - October 1978,isocntry M BE 211 282 (35.1) 521 (64.9) 1014 803 DE 208 483 (61.0) 309 (39.0) 1000 792 DK 137 299 (35.3) 547 (64.7) 983 846 FR 119 315 (25.8) 905 (74.2) 1339 1220 GB-GBN 105 555 (61.5) 348 (38.5) 1008 903 GB-NIR 48 149 (57.5) 110 (42.5) 307 259 IE 166 439 (52.2) 402 (47.8) 1007 841 IT 81 229 (27.3) 609 (72.7) 919 838 LU 39 89 (30.6) 202 (69.4) 330 291 NL 95 378 (37.8) 621 (62.2) 1094 999 N Sum 1209 3218 4574 9001 N Valid Sum 3218 4574 7792 Eurobarometer 10A - October 1978,GESIS Variable Report,91,ZA0995
v59,,SYNTHETIC FOODS - PROBLEM,,SYNTHETIC FOODS - PROBLEM,GESIS Variable Report,92,ZA0995
v60,v60 0 1 2 N Sum N Valid Sum,NUCLEAR ENERGY - KNOWLEDGE,isocntry M BE 224 462 (58.5) 328 (41.5) 1014 790 DE 205 453 (57.0) 342 (43.0) 1000 795 DK 112 514 (59.0) 357 (41.0) 983 871 FR 170 737 (63.0) 433 (37.0) 1340 1170 GB-GBN 125 613 (69.3) 271 (30.7) 1009 884 GB-NIR 69 175 (73.5) 63 (26.5) 307 238 IE 166 543 (64.6) 298 (35.4) 1007 841 IT 103 600 (73.5) 216 (26.5) 919 816 LU 44 152 (53.1) 134 (46.9) 330 286 NL 96 707 (70.8) 291 (29.2) 1094 998 N Sum 1314 4956 2733 9003 N Valid Sum 4956 2733 7689 Eurobarometer 10A - October 1978,isocntry M BE 224 462 (58.5) 328 (41.5) 1014 790 DE 205 453 (57.0) 342 (43.0) 1000 795 DK 112 514 (59.0) 357 (41.0) 983 871 FR 170 737 (63.0) 433 (37.0) 1340 1170 GB-GBN 125 613 (69.3) 271 (30.7) 1009 884 GB-NIR 69 175 (73.5) 63 (26.5) 307 238 IE 166 543 (64.6) 298 (35.4) 1007 841 IT 103 600 (73.5) 216 (26.5) 919 816 LU 44 152 (53.1) 134 (46.9) 330 286 NL 96 707 (70.8) 291 (29.2) 1094 998 N Sum 1314 4956 2733 9003 N Valid Sum 4956 2733 7689 Eurobarometer 10A - October 1978,GESIS Variable Report,93,ZA0995
v61,,NUCLEAR ENERGY - PROBLEM,,NUCLEAR ENERGY - PROBLEM,GESIS Variable Report,94,ZA0995
v62,v62 0 1 2 N Sum N Valid Sum,GENETICS - KNOWLEDGE,isocntry M BE 315 388 (55.5) 311 (44.5) 1014 699 DE 283 281 (39.2) 436 (60.8) 1000 717 DK 153 261 (31.4) 570 (68.6) 984 831 FR 245 510 (46.6) 584 (53.4) 1339 1094 GB-GBN 171 358 (42.7) 480 (57.3) 1009 838 GB-NIR 75 116 (50.0) 116 (50.0) 307 232 IE 274 426 (58.1) 307 (41.9) 1007 733 IT 144 444 (57.3) 331 (42.7) 919 775 LU 63 120 (44.9) 147 (55.1) 330 267 NL 180 505 (55.3) 409 (44.7) 1094 914 N Sum 1903 3409 3691 9003 N Valid Sum 3409 3691 7100 Eurobarometer 10A - October 1978,isocntry M BE 315 388 (55.5) 311 (44.5) 1014 699 DE 283 281 (39.2) 436 (60.8) 1000 717 DK 153 261 (31.4) 570 (68.6) 984 831 FR 245 510 (46.6) 584 (53.4) 1339 1094 GB-GBN 171 358 (42.7) 480 (57.3) 1009 838 GB-NIR 75 116 (50.0) 116 (50.0) 307 232 IE 274 426 (58.1) 307 (41.9) 1007 733 IT 144 444 (57.3) 331 (42.7) 919 775 LU 63 120 (44.9) 147 (55.1) 330 267 NL 180 505 (55.3) 409 (44.7) 1094 914 N Sum 1903 3409 3691 9003 N Valid Sum 3409 3691 7100 Eurobarometer 10A - October 1978,GESIS Variable Report,95,ZA0995
v63,,GENETICS - PROBLEM,,GENETICS - PROBLEM,GESIS Variable Report,96,ZA0995
v64,v64 0 1 2 N Sum N Valid Sum,ENERGY SOURCES - KNOWLEDGE,isocntry M BE 223 626 (79.1) 165 (20.9) 1014 791 DE 152 734 (86.6) 114 (13.4) 1000 848 DK 116 661 (76.2) 207 (23.8) 984 868 FR 120 1058 (86.7) 162 (13.3) 1340 1220 GB-GBN 151 680 (79.3) 177 (20.7) 1008 857 GB-NIR 81 187 (82.7) 39 (17.3) 307 226 IE 199 641 (79.3) 167 (20.7) 1007 808 IT 90 770 (92.9) 59 (7.1) 919 829 LU 39 218 (74.9) 73 (25.1) 330 291 NL 64 907 (88.1) 123 (11.9) 1094 1030 N Sum 1235 6482 1286 9003 N Valid Sum 6482 1286 7768 Eurobarometer 10A - October 1978,isocntry M BE 223 626 (79.1) 165 (20.9) 1014 791 DE 152 734 (86.6) 114 (13.4) 1000 848 DK 116 661 (76.2) 207 (23.8) 984 868 FR 120 1058 (86.7) 162 (13.3) 1340 1220 GB-GBN 151 680 (79.3) 177 (20.7) 1008 857 GB-NIR 81 187 (82.7) 39 (17.3) 307 226 IE 199 641 (79.3) 167 (20.7) 1007 808 IT 90 770 (92.9) 59 (7.1) 919 829 LU 39 218 (74.9) 73 (25.1) 330 291 NL 64 907 (88.1) 123 (11.9) 1094 1030 N Sum 1235 6482 1286 9003 N Valid Sum 6482 1286 7768 Eurobarometer 10A - October 1978,GESIS Variable Report,97,ZA0995
v65,,ENERGY SOURCES - PROBLEM,,ENERGY SOURCES - PROBLEM,GESIS Variable Report,98,ZA0995
v66,v66 0 1 2 N Sum N Valid Sum,SYNTHETIC MAT - KNOWLEDGE,isocntry M BE 243 442 (57.3) 329 (42.7) 1014 771 DE 189 666 (82.1) 145 (17.9) 1000 811 DK 145 612 (73.0) 226 (27.0) 983 838 FR 189 576 (50.0) 575 (50.0) 1340 1151 GB-GBN 122 678 (76.5) 208 (23.5) 1008 886 GB-NIR 47 215 (82.7) 45 (17.3) 307 260 IE 159 579 (68.3) 269 (31.7) 1007 848 IT 100 523 (63.9) 296 (36.1) 919 819 LU 51 138 (49.5) 141 (50.5) 330 279 NL 95 724 (72.5) 275 (27.5) 1094 999 N Sum 1340 5153 2509 9002 N Valid Sum 5153 2509 7662 Eurobarometer 10A - October 1978,isocntry M BE 243 442 (57.3) 329 (42.7) 1014 771 DE 189 666 (82.1) 145 (17.9) 1000 811 DK 145 612 (73.0) 226 (27.0) 983 838 FR 189 576 (50.0) 575 (50.0) 1340 1151 GB-GBN 122 678 (76.5) 208 (23.5) 1008 886 GB-NIR 47 215 (82.7) 45 (17.3) 307 260 IE 159 579 (68.3) 269 (31.7) 1007 848 IT 100 523 (63.9) 296 (36.1) 919 819 LU 51 138 (49.5) 141 (50.5) 330 279 NL 95 724 (72.5) 275 (27.5) 1094 999 N Sum 1340 5153 2509 9002 N Valid Sum 5153 2509 7662 Eurobarometer 10A - October 1978,GESIS Variable Report,99,ZA0995
v67,,SYNTHETIC MAT - PROBLEM,,SYNTHETIC MAT - PROBLEM,GESIS Variable Report,100,ZA0995
v68,,LEFT-RIGHT PLACEMENT,,LEFT-RIGHT PLACEMENT,GESIS Variable Report,101,ZA0995
v69,,RELIGIOSITY - IMPORTANCE,,RELIGIOSITY - IMPORTANCE,GESIS Variable Report,103,ZA0995
v70,,MARITAL STATUS,,MARITAL STATUS,GESIS Variable Report,104,ZA0995
v71,,AGE EDUCATION,,AGE EDUCATION,GESIS Variable Report,105,ZA0995
v72,,VOTE INTENTION,,VOTE INTENTION,GESIS Variable Report,107,ZA0995
v73,v73 1 2 N Sum N Valid Sum,SEX,isocntry BE 490 (48.3) 524 (51.7) 1014 1014 DE 466 (46.6) 534 (53.4) 1000 1000 DK 479 (48.7) 505 (51.3) 984 984 FR 647 (48.3) 693 (51.7) 1340 1340 GB-GBN 483 (47.9) 526 (52.1) 1009 1009 GB-NIR 151 (49.2) 156 (50.8) 307 307 IE 499 (49.6) 508 (50.4) 1007 1007 IT 466 (50.7) 453 (49.3) 919 919 LU 177 (53.6) 153 (46.4) 330 330 NL 515 (47.1) 579 (52.9) 1094 1094 N Sum 4373 4631 9004 N Valid Sum 4373 4631 9004 Eurobarometer 10A - October 1978,isocntry BE 490 (48.3) 524 (51.7) 1014 1014 DE 466 (46.6) 534 (53.4) 1000 1000 DK 479 (48.7) 505 (51.3) 984 984 FR 647 (48.3) 693 (51.7) 1340 1340 GB-GBN 483 (47.9) 526 (52.1) 1009 1009 GB-NIR 151 (49.2) 156 (50.8) 307 307 IE 499 (49.6) 508 (50.4) 1007 1007 IT 466 (50.7) 453 (49.3) 919 919 LU 177 (53.6) 153 (46.4) 330 330 NL 515 (47.1) 579 (52.9) 1094 1094 N Sum 4373 4631 9004 N Valid Sum 4373 4631 9004 Eurobarometer 10A - October 1978,GESIS Variable Report,112,ZA0995
v74,page 87,AGE EXACT,Eurobarometer 10A - October 1978,Eurobarometer 10A - October 1978,GESIS Variable Report,113,ZA0995
v75,,HOUSEHOLD SIZE,,HOUSEHOLD SIZE,GESIS Variable Report,114,ZA0995
v76,v76 0 1 2 3 4 5 N Sum N Valid Sum,HOUSEHOLD CHILDREN 8-15 YEARS,isocntry BE 742 (73.2) 156 (15.4) 76 (7.5) 25 (2.5) 12 (1.2) 3 (0.3) 1014 1014 DE 666 (66.6) 191 (19.1) 105 (10.5) 30 (3.0) 6 (0.6) 2 (0.2) 1000 1000 DK 712 (72.4) 168 (17.1) 74 (7.5) 26 (2.6) 3 (0.3) 1 (0.1) 984 984 FR 955 (71.3) 204 (15.2) 105 (7.8) 54 (4.0) 13 (1.0) 9 (0.7) 1340 1340 GB-GBN 729 (72.4) 159 (15.8) 93 (9.2) 21 (2.1) 4 (0.4) 1 (0.1) 1007 1007 GB-NIR 206 (67.1) 50 (16.3) 25 (8.1) 16 (5.2) 6 (2.0) 4 (1.3) 307 307 IE 624 (62.0) 137 (13.6) 118 (11.7) 63 (6.3) 41 (4.1) 24 (2.4) 1007 1007 IT 704 (76.6) 146 (15.9) 61 (6.6) 7 (0.8) 1 (0.1) 919 919 LU 256 (77.6) 46 (13.9) 19 (5.8) 8 (2.4) 1 (0.3) 330 330 NL 720 (65.8) 190 (17.4) 132 (12.1) 43 (3.9) 8 (0.7) 1 (0.1) 1094 1094 N Sum 6314 1447 808 293 94 46 9002 N Valid Sum 6314 1447 808 293 94 46 9002 Eurobarometer 10A - October 1978,isocntry BE 742 (73.2) 156 (15.4) 76 (7.5) 25 (2.5) 12 (1.2) 3 (0.3) 1014 1014 DE 666 (66.6) 191 (19.1) 105 (10.5) 30 (3.0) 6 (0.6) 2 (0.2) 1000 1000 DK 712 (72.4) 168 (17.1) 74 (7.5) 26 (2.6) 3 (0.3) 1 (0.1) 984 984 FR 955 (71.3) 204 (15.2) 105 (7.8) 54 (4.0) 13 (1.0) 9 (0.7) 1340 1340 GB-GBN 729 (72.4) 159 (15.8) 93 (9.2) 21 (2.1) 4 (0.4) 1 (0.1) 1007 1007 GB-NIR 206 (67.1) 50 (16.3) 25 (8.1) 16 (5.2) 6 (2.0) 4 (1.3) 307 307 IE 624 (62.0) 137 (13.6) 118 (11.7) 63 (6.3) 41 (4.1) 24 (2.4) 1007 1007 IT 704 (76.6) 146 (15.9) 61 (6.6) 7 (0.8) 1 (0.1) 919 919 LU 256 (77.6) 46 (13.9) 19 (5.8) 8 (2.4) 1 (0.3) 330 330 NL 720 (65.8) 190 (17.4) 132 (12.1) 43 (3.9) 8 (0.7) 1 (0.1) 1094 1094 N Sum 6314 1447 808 293 94 46 9002 N Valid Sum 6314 1447 808 293 94 46 9002 Eurobarometer 10A - October 1978,GESIS Variable Report,115,ZA0995
v77,v77 0 1 2 3 4 5 N Sum N Valid Sum,HOUSEHOLD CHILDREN UNDER 8,"isocntry BE 800 (78.9) 137 (13.5) 62 (6.1) 12 (1.2) 3 (0.3) 1014 1014 DE 830 (83.0) 121 (12.1) 38 (3.8) 10 (1.0) 1 (0.1) 1000 1000 DK 763 (77.5) 136 (13.8) 76 (7.7) 9 (0.9) 984 984 FR 1006 (75.1) 212 (15.8) 91 (6.8) 24 (1.8) 5 (0.4) 1 (0.1) 1339 1339 GB-GBN 794 (78.8) 119 (11.8) 82 (8.1) 10 (1.0) 3 (0.3) 1008 1008 GB-NIR 218 (71.0) 46 (15.0) 23 (7.5) 16 (5.2) 3 (1.0) 1 (0.3) 307 307 IE 663 (65.8) 145 (14.4) 123 (12.2) 46 (4.6) 18 (1.8) 12 (1.2) 1007 1007 IT 747 (81.3) 125 (13.6) 41 (4.5) 3 (0.3) 1 (0.1) 2 (0.2) 919 919 LU 283 (85.8) 34 (10.3) 9 (2.7) 2 (0.6) 1 (0.3) 1 (0.3) 330 330 NL 804 (73.6) 168 (15.4) 111 (10.2) 9 (0.8) 1 (0.1) 1093 1093 N Sum 6908 1243 656 141 35 18 9001 N Valid Sum 6908 1243 656 141 35 18 9001 Eurobarometer 10A - October 1978 v78 - INCOME Q.272 WE WOULD LIKE TO ANALYZE THE SURVEY RESULTS ACCORDING TO THE INCOME OF PERSONS INTERVIEWED. (SHOW RESPONDENT INCOME CARD.) HERE IS A SCALE OF INCOMES AND WE WOULD LIKE TO KNOW IN WHAT GROUP YOUR FAMILY IS, COUNTING ALL WAGES, SALARIES, PENSIONS AND ANY OTHER INCOME THAT COMES IN. JUST GIVE ME THE NUMBER OF THE GROUP YOUR HOUSEHOLD FALLS INTO BEFORE TAX AND OTHER DEDUCTIONS. in DE_W IE GB_NIR: (SHOW RESPONDENT INCOME CARD.) HERE IS A SCALE OF INCOMES AND WE WOULD LIKE TO KNOW IN WHAT GROUP YOUR FAMILY IS, COUNTING ALL WAGES, SALARIES, PENSIONS AND ANY OTHER INCOME THAT COMES IN. JUST GIVE ME THE NUMBER OF THE GROUP YOUR HOUSEHOLD FALLS INTO BEFORE TAX AND OTHER DEDUCTIONS. in France (FR):","isocntry BE 800 (78.9) 137 (13.5) 62 (6.1) 12 (1.2) 3 (0.3) 1014 1014 DE 830 (83.0) 121 (12.1) 38 (3.8) 10 (1.0) 1 (0.1) 1000 1000 DK 763 (77.5) 136 (13.8) 76 (7.7) 9 (0.9) 984 984 FR 1006 (75.1) 212 (15.8) 91 (6.8) 24 (1.8) 5 (0.4) 1 (0.1) 1339 1339 GB-GBN 794 (78.8) 119 (11.8) 82 (8.1) 10 (1.0) 3 (0.3) 1008 1008 GB-NIR 218 (71.0) 46 (15.0) 23 (7.5) 16 (5.2) 3 (1.0) 1 (0.3) 307 307 IE 663 (65.8) 145 (14.4) 123 (12.2) 46 (4.6) 18 (1.8) 12 (1.2) 1007 1007 IT 747 (81.3) 125 (13.6) 41 (4.5) 3 (0.3) 1 (0.1) 2 (0.2) 919 919 LU 283 (85.8) 34 (10.3) 9 (2.7) 2 (0.6) 1 (0.3) 1 (0.3) 330 330 NL 804 (73.6) 168 (15.4) 111 (10.2) 9 (0.8) 1 (0.1) 1093 1093 N Sum 6908 1243 656 141 35 18 9001 N Valid Sum 6908 1243 656 141 35 18 9001 Eurobarometer 10A - October 1978 v78 - INCOME Q.272 WE WOULD LIKE TO ANALYZE THE SURVEY RESULTS ACCORDING TO THE INCOME OF PERSONS INTERVIEWED. (SHOW RESPONDENT INCOME CARD.) HERE IS A SCALE OF INCOMES AND WE WOULD LIKE TO KNOW IN WHAT GROUP YOUR FAMILY IS, COUNTING ALL WAGES, SALARIES, PENSIONS AND ANY OTHER INCOME THAT COMES IN. JUST GIVE ME THE NUMBER OF THE GROUP YOUR HOUSEHOLD FALLS INTO BEFORE TAX AND OTHER DEDUCTIONS. in DE_W IE GB_NIR: (SHOW RESPONDENT INCOME CARD.) HERE IS A SCALE OF INCOMES AND WE WOULD LIKE TO KNOW IN WHAT GROUP YOUR FAMILY IS, COUNTING ALL WAGES, SALARIES, PENSIONS AND ANY OTHER INCOME THAT COMES IN. JUST GIVE ME THE NUMBER OF THE GROUP YOUR HOUSEHOLD FALLS INTO BEFORE TAX AND OTHER DEDUCTIONS. in France (FR):",GESIS Variable Report,116,ZA0995
v79,,OCCUPATION RESPONDENT,,OCCUPATION RESPONDENT,GESIS Variable Report,122,ZA0995
v80,v80 0 1 2 3 4 9 N Sum N Valid Sum,OCCUPATION - SIZE OF COMPANY,isocntry M M BE 135 (27.8) 140 (28.9) 124 (25.6) 86 (17.7) 529 1014 485 DE 34 83 (19.2) 162 (37.4) 114 (26.3) 74 (17.1) 533 1000 433 DK 28 119 (21.4) 217 (39.0) 148 (26.6) 72 (12.9) 400 984 556 FR 177 104 (21.9) 140 (29.5) 107 (22.6) 123 (25.9) 688 1339 474 GB-GBN 68 78 (14.5) 187 (34.7) 160 (29.7) 114 (21.2) 402 1009 539 GB-NIR 5 40 (24.2) 68 (41.2) 48 (29.1) 9 (5.5) 137 307 165 IE 21 202 (44.1) 139 (30.3) 90 (19.7) 27 (5.9) 528 1007 458 IT 176 (38.3) 191 (41.6) 60 (13.1) 32 (7.0) 460 919 459 LU 39 (22.7) 68 (39.5) 35 (20.3) 30 (17.4) 158 330 172 NL 27 51 (12.9) 145 (36.8) 125 (31.7) 73 (18.5) 672 1093 394 N Sum 360 1027 1457 1011 640 4507 9002 N Valid Sum 1027 1457 1011 640 4135 Eurobarometer 10A - October 1978,isocntry M M BE 135 (27.8) 140 (28.9) 124 (25.6) 86 (17.7) 529 1014 485 DE 34 83 (19.2) 162 (37.4) 114 (26.3) 74 (17.1) 533 1000 433 DK 28 119 (21.4) 217 (39.0) 148 (26.6) 72 (12.9) 400 984 556 FR 177 104 (21.9) 140 (29.5) 107 (22.6) 123 (25.9) 688 1339 474 GB-GBN 68 78 (14.5) 187 (34.7) 160 (29.7) 114 (21.2) 402 1009 539 GB-NIR 5 40 (24.2) 68 (41.2) 48 (29.1) 9 (5.5) 137 307 165 IE 21 202 (44.1) 139 (30.3) 90 (19.7) 27 (5.9) 528 1007 458 IT 176 (38.3) 191 (41.6) 60 (13.1) 32 (7.0) 460 919 459 LU 39 (22.7) 68 (39.5) 35 (20.3) 30 (17.4) 158 330 172 NL 27 51 (12.9) 145 (36.8) 125 (31.7) 73 (18.5) 672 1093 394 N Sum 360 1027 1457 1011 640 4507 9002 N Valid Sum 1027 1457 1011 640 4135 Eurobarometer 10A - October 1978,GESIS Variable Report,124,ZA0995
v81,v81 0 1 2 N Sum N Valid Sum,HEAD OF HOUSEHOLD,isocntry M BE 488 (48.1) 526 (51.9) 1014 1014 DE 496 (49.6) 504 (50.4) 1000 1000 DK 10 538 (55.2) 436 (44.8) 984 974 FR 1 693 (51.8) 646 (48.2) 1340 1339 GB-GBN 1 539 (53.5) 469 (46.5) 1009 1008 GB-NIR 4 148 (48.8) 155 (51.2) 307 303 IE 13 432 (43.5) 562 (56.5) 1007 994 IT 417 (45.4) 502 (54.6) 919 919 LU 194 (58.8) 136 (41.2) 330 330 NL 38 571 (54.1) 485 (45.9) 1094 1056 N Sum 67 4516 4421 9004 N Valid Sum 4516 4421 8937 Eurobarometer 10A - October 1978,isocntry M BE 488 (48.1) 526 (51.9) 1014 1014 DE 496 (49.6) 504 (50.4) 1000 1000 DK 10 538 (55.2) 436 (44.8) 984 974 FR 1 693 (51.8) 646 (48.2) 1340 1339 GB-GBN 1 539 (53.5) 469 (46.5) 1009 1008 GB-NIR 4 148 (48.8) 155 (51.2) 307 303 IE 13 432 (43.5) 562 (56.5) 1007 994 IT 417 (45.4) 502 (54.6) 919 919 LU 194 (58.8) 136 (41.2) 330 330 NL 38 571 (54.1) 485 (45.9) 1094 1056 N Sum 67 4516 4421 9004 N Valid Sum 4516 4421 8937 Eurobarometer 10A - October 1978,GESIS Variable Report,125,ZA0995
v82,,OCCUPATION HEAD OF HOUSEHOLD,,OCCUPATION HEAD OF HOUSEHOLD,GESIS Variable Report,126,ZA0995
v83,,SIZE OF COMMUNITY,,SIZE OF COMMUNITY,GESIS Variable Report,128,ZA0995
v84,v84 0 1 2 3 N Sum N Valid Sum,TYPE OF COMMUNITY,isocntry M BE 567 (55.9) 239 (23.6) 208 (20.5) 1014 1014 DE 11 335 (33.9) 421 (42.6) 233 (23.6) 1000 989 DK 3 250 (25.5) 469 (47.9) 261 (26.6) 983 980 FR 31 415 (31.7) 567 (43.3) 327 (25.0) 1340 1309 GB-GBN 259 (25.7) 462 (45.8) 287 (28.5) 1008 1008 GB-NIR 2 125 (41.0) 111 (36.4) 69 (22.6) 307 305 IE 4 539 (53.7) 141 (14.1) 323 (32.2) 1007 1003 IT 335 (36.5) 286 (31.1) 298 (32.4) 919 919 LU 139 (42.1) 177 (53.6) 14 (4.2) 330 330 NL 11 462 (42.6) 350 (32.3) 272 (25.1) 1095 1084 N Sum 62 3426 3223 2292 9003 N Valid Sum 3426 3223 2292 8941 Eurobarometer 10A - October 1978,isocntry M BE 567 (55.9) 239 (23.6) 208 (20.5) 1014 1014 DE 11 335 (33.9) 421 (42.6) 233 (23.6) 1000 989 DK 3 250 (25.5) 469 (47.9) 261 (26.6) 983 980 FR 31 415 (31.7) 567 (43.3) 327 (25.0) 1340 1309 GB-GBN 259 (25.7) 462 (45.8) 287 (28.5) 1008 1008 GB-NIR 2 125 (41.0) 111 (36.4) 69 (22.6) 307 305 IE 4 539 (53.7) 141 (14.1) 323 (32.2) 1007 1003 IT 335 (36.5) 286 (31.1) 298 (32.4) 919 919 LU 139 (42.1) 177 (53.6) 14 (4.2) 330 330 NL 11 462 (42.6) 350 (32.3) 272 (25.1) 1095 1084 N Sum 62 3426 3223 2292 9003 N Valid Sum 3426 3223 2292 8941 Eurobarometer 10A - October 1978,GESIS Variable Report,131,ZA0995
v85,,REGION,,REGION,GESIS Variable Report,132,ZA0995
v86,,PROVINCE,,PROVINCE,GESIS Variable Report,136,ZA0995
v87,,LEFT-RIGHT VOTE INTENTION SUMMARY,,LEFT-RIGHT VOTE INTENTION SUMMARY,GESIS Variable Report,143,ZA0995
