variable,question_text,question_text_filled,source,source_year,codebook_page,map_provenance
wrkstat,wrkstat,wrkstat,DONOR_MAP,2018,,DONOR_MAP
HRS1,HRS1,HRS1,DONOR_MAP,2018,,DONOR_MAP
HRS2,HRS2,HRS2,DONOR_MAP,2018,,DONOR_MAP
evwork,evwork,evwork,DONOR_MAP,2018,,DONOR_MAP
occ,occ,occ,NATIVE_NAME,,,NATIVE_NAME
prestige,prestige,prestige,NATIVE_NAME,,,NATIVE_NAME
wrkslf,wrkslf,wrkslf,DONOR_MAP,2018,,DONOR_MAP
industry,industry,industry,NATIVE_NAME,,,NATIVE_NAME
found,found,found,NATIVE_NAME,,,NATIVE_NAME
OCC10,OCC10,OCC10,DONOR_MAP,2018,,DONOR_MAP
occindv,occindv,occindv,NATIVE_NAME,,,NATIVE_NAME
occstatus,occstatus,occstatus,NATIVE_NAME,,,NATIVE_NAME
occtag,occtag,occtag,NATIVE_NAME,,,NATIVE_NAME
PRESTG10,PRESTG10,PRESTG10,DONOR_MAP,2018,,DONOR_MAP
PRESTG105PLUS,PRESTG105PLUS,PRESTG105PLUS,DONOR_MAP,2018,,DONOR_MAP
INDUS10,INDUS10,INDUS10,DONOR_MAP,2018,,DONOR_MAP
indstatus,indstatus,indstatus,NATIVE_NAME,,,NATIVE_NAME
indtag,indtag,indtag,NATIVE_NAME,,,NATIVE_NAME
marital,marital,marital,DONOR_MAP,2018,,DONOR_MAP
agewed,agewed,agewed,NATIVE_NAME,,,NATIVE_NAME
divorce,divorce,divorce,DONOR_MAP,2018,,DONOR_MAP
spwrksta,spwrksta,spwrksta,DONOR_MAP,2018,,DONOR_MAP
SPHRS1,SPHRS1,SPHRS1,DONOR_MAP,2018,,DONOR_MAP
SPHRS2,SPHRS2,SPHRS2,DONOR_MAP,2018,,DONOR_MAP
spevwork,spevwork,spevwork,DONOR_MAP,2018,,DONOR_MAP
spocc,spocc,spocc,NATIVE_NAME,,,NATIVE_NAME
sppres,sppres,sppres,NATIVE_NAME,,,NATIVE_NAME
spwrkslf,spwrkslf,spwrkslf,DONOR_MAP,2018,,DONOR_MAP
spind,spind,spind,NATIVE_NAME,,,NATIVE_NAME
SPOCC10,SPOCC10,SPOCC10,DONOR_MAP,2018,,DONOR_MAP
spoccindv,spoccindv,spoccindv,NATIVE_NAME,,,NATIVE_NAME
spoccstatus,spoccstatus,spoccstatus,NATIVE_NAME,,,NATIVE_NAME
spocctag,spocctag,spocctag,NATIVE_NAME,,,NATIVE_NAME
SPPRES10,SPPRES10,SPPRES10,DONOR_MAP,2018,,DONOR_MAP
SPPRES105PLUS,SPPRES105PLUS,SPPRES105PLUS,DONOR_MAP,2018,,DONOR_MAP
SPIND10,SPIND10,SPIND10,DONOR_MAP,2018,,DONOR_MAP
spindstatus,spindstatus,spindstatus,NATIVE_NAME,,,NATIVE_NAME
spindtag,spindtag,spindtag,NATIVE_NAME,,,NATIVE_NAME
PAOCC16,PAOCC16,PAOCC16,NATIVE_NAME,,,NATIVE_NAME
PAPRES16,PAPRES16,PAPRES16,NATIVE_NAME,,,NATIVE_NAME
pawrkslf,pawrkslf,pawrkslf,DONOR_MAP,2018,,DONOR_MAP
PAIND16,PAIND16,PAIND16,NATIVE_NAME,,,NATIVE_NAME
PAOCC10,PAOCC10,PAOCC10,DONOR_MAP,2018,,DONOR_MAP
paoccindv,paoccindv,paoccindv,NATIVE_NAME,,,NATIVE_NAME
paoccstatus,paoccstatus,paoccstatus,NATIVE_NAME,,,NATIVE_NAME
paocctag,paocctag,paocctag,NATIVE_NAME,,,NATIVE_NAME
PAPRES10,PAPRES10,PAPRES10,DONOR_MAP,2018,,DONOR_MAP
PAPRES105PLUS,PAPRES105PLUS,PAPRES105PLUS,DONOR_MAP,2018,,DONOR_MAP
PAIND10,PAIND10,PAIND10,DONOR_MAP,2018,,DONOR_MAP
paindstatus,paindstatus,paindstatus,NATIVE_NAME,,,NATIVE_NAME
paindtag,paindtag,paindtag,NATIVE_NAME,,,NATIVE_NAME
maoccstatus,maoccstatus,maoccstatus,NATIVE_NAME,,,NATIVE_NAME
maocctag,maocctag,maocctag,NATIVE_NAME,,,NATIVE_NAME
maindstatus,maindstatus,maindstatus,NATIVE_NAME,,,NATIVE_NAME
maindtag,maindtag,maindtag,NATIVE_NAME,,,NATIVE_NAME
sibs,sibs,sibs,DONOR_MAP,2018,,DONOR_MAP
childs,childs,childs,DONOR_MAP,2018,,DONOR_MAP
age,age,age,DONOR_MAP,2018,,DONOR_MAP
educ,educ,educ,DONOR_MAP,2018,,DONOR_MAP
paeduc,paeduc,paeduc,DONOR_MAP,2018,,DONOR_MAP
maeduc,maeduc,maeduc,DONOR_MAP,2018,,DONOR_MAP
speduc,speduc,speduc,DONOR_MAP,2018,,DONOR_MAP
degree,degree,degree,DONOR_MAP,2018,,DONOR_MAP
padeg,padeg,padeg,DONOR_MAP,2018,,DONOR_MAP
madeg,madeg,madeg,DONOR_MAP,2018,,DONOR_MAP
spdeg,spdeg,spdeg,DONOR_MAP,2018,,DONOR_MAP
sex,sex,sex,DONOR_MAP,2018,,DONOR_MAP
race,race,race,DONOR_MAP,2018,,DONOR_MAP
RES16,RES16,RES16,DONOR_MAP,2018,,DONOR_MAP
REG16,REG16,REG16,DONOR_MAP,2018,,DONOR_MAP
MOBILE16,MOBILE16,MOBILE16,DONOR_MAP,2018,,DONOR_MAP
FAMILY16,FAMILY16,FAMILY16,DONOR_MAP,2018,,DONOR_MAP
FAMDIF16,FAMDIF16,FAMDIF16,DONOR_MAP,2018,,DONOR_MAP
mawork,mawork,mawork,NATIVE_NAME,,,NATIVE_NAME
mawkbaby,mawkbaby,mawkbaby,NATIVE_NAME,,,NATIVE_NAME
MAWK16,MAWK16,MAWK16,NATIVE_NAME,,,NATIVE_NAME
INCOM16,INCOM16,INCOM16,DONOR_MAP,2018,,DONOR_MAP
born,born,born,DONOR_MAP,2018,,DONOR_MAP
parborn,parborn,parborn,DONOR_MAP,2018,,DONOR_MAP
granborn,granborn,granborn,DONOR_MAP,2018,,DONOR_MAP
hompop,hompop,hompop,DONOR_MAP,2018,,DONOR_MAP
babies,babies,babies,DONOR_MAP,2018,,DONOR_MAP
preteen,preteen,preteen,DONOR_MAP,2018,,DONOR_MAP
teens,teens,teens,DONOR_MAP,2018,,DONOR_MAP
adults,adults,adults,DONOR_MAP,2018,,DONOR_MAP
unrelat,unrelat,unrelat,DONOR_MAP,2018,,DONOR_MAP
earnrs,earnrs,earnrs,DONOR_MAP,2018,,DONOR_MAP
income,income,income,DONOR_MAP,2018,,DONOR_MAP
rincome,rincome,rincome,DONOR_MAP,2018,,DONOR_MAP
INCOME82,INCOME82,INCOME82,NATIVE_NAME,,,NATIVE_NAME
RINCOM82,RINCOM82,RINCOM82,NATIVE_NAME,,,NATIVE_NAME
region,region,region,DONOR_MAP,2018,,DONOR_MAP
xnorcsiz,xnorcsiz,xnorcsiz,DONOR_MAP,2018,,DONOR_MAP
srcbelt,srcbelt,srcbelt,DONOR_MAP,2018,,DONOR_MAP
size,size,size,DONOR_MAP,2018,,DONOR_MAP
dotdata,dotdata,dotdata,NATIVE_NAME,,,NATIVE_NAME
dotpeop,dotpeop,dotpeop,NATIVE_NAME,,,NATIVE_NAME
dotthng,dotthng,dotthng,NATIVE_NAME,,,NATIVE_NAME
dotged,dotged,dotged,NATIVE_NAME,,,NATIVE_NAME
dotsvp,dotsvp,dotsvp,NATIVE_NAME,,,NATIVE_NAME
dotpres,dotpres,dotpres,NATIVE_NAME,,,NATIVE_NAME
spdotdat,spdotdat,spdotdat,NATIVE_NAME,,,NATIVE_NAME
spdotpeo,spdotpeo,spdotpeo,NATIVE_NAME,,,NATIVE_NAME
spdotthn,spdotthn,spdotthn,NATIVE_NAME,,,NATIVE_NAME
spdotged,spdotged,spdotged,NATIVE_NAME,,,NATIVE_NAME
spdotsvp,spdotsvp,spdotsvp,NATIVE_NAME,,,NATIVE_NAME
spdotpre,spdotpre,spdotpre,NATIVE_NAME,,,NATIVE_NAME
padotdat,padotdat,padotdat,NATIVE_NAME,,,NATIVE_NAME
padotpeo,padotpeo,padotpeo,NATIVE_NAME,,,NATIVE_NAME
padotthn,padotthn,padotthn,NATIVE_NAME,,,NATIVE_NAME
padotged,padotged,padotged,NATIVE_NAME,,,NATIVE_NAME
padotsvp,padotsvp,padotsvp,NATIVE_NAME,,,NATIVE_NAME
padotpre,padotpre,padotpre,NATIVE_NAME,,,NATIVE_NAME
partyid,partyid,partyid,DONOR_MAP,2018,,DONOR_MAP
VOTE80,VOTE80,VOTE80,NATIVE_NAME,,,NATIVE_NAME
PRES80,PRES80,PRES80,NATIVE_NAME,,,NATIVE_NAME
IF80WHO,IF80WHO,IF80WHO,NATIVE_NAME,,,NATIVE_NAME
polviews,polviews,polviews,DONOR_MAP,2018,,DONOR_MAP
polviewx,polviewx,polviewx,NATIVE_NAME,,,NATIVE_NAME
natspac,natspac,natspac,DONOR_MAP,2018,,DONOR_MAP
natenvir,natenvir,natenvir,DONOR_MAP,2018,,DONOR_MAP
natheal,natheal,natheal,DONOR_MAP,2018,,DONOR_MAP
natcity,natcity,natcity,DONOR_MAP,2018,,DONOR_MAP
natcrime,natcrime,natcrime,DONOR_MAP,2018,,DONOR_MAP
natdrug,natdrug,natdrug,DONOR_MAP,2018,,DONOR_MAP
nateduc,nateduc,nateduc,DONOR_MAP,2018,,DONOR_MAP
natrace,natrace,natrace,DONOR_MAP,2018,,DONOR_MAP
natarms,natarms,natarms,DONOR_MAP,2018,,DONOR_MAP
nataid,nataid,nataid,DONOR_MAP,2018,,DONOR_MAP
natfare,natfare,natfare,DONOR_MAP,2018,,DONOR_MAP
eqwlth,eqwlth,eqwlth,DONOR_MAP,2018,,DONOR_MAP
cappun,cappun,cappun,DONOR_MAP,2018,,DONOR_MAP
courts,courts,courts,DONOR_MAP,2018,,DONOR_MAP
wirtap,wirtap,wirtap,NATIVE_NAME,,,NATIVE_NAME
grass,grass,grass,DONOR_MAP,2018,,DONOR_MAP
relig,relig,relig,DONOR_MAP,2018,,DONOR_MAP
denom,denom,denom,DONOR_MAP,2018,,DONOR_MAP
other,other,other,DONOR_MAP,2018,,DONOR_MAP
fund,fund,fund,DONOR_MAP,2018,,DONOR_MAP
attend,attend,attend,DONOR_MAP,2018,,DONOR_MAP
maattend,maattend,maattend,NATIVE_NAME,,,NATIVE_NAME
paattend,paattend,paattend,NATIVE_NAME,,,NATIVE_NAME
reliten,reliten,reliten,DONOR_MAP,2018,,DONOR_MAP
postlife,postlife,postlife,DONOR_MAP,2018,,DONOR_MAP
POSTLF1,POSTLF1,POSTLF1,NATIVE_NAME,,,NATIVE_NAME
POSTLF2,POSTLF2,POSTLF2,NATIVE_NAME,,,NATIVE_NAME
POSTLF3,POSTLF3,POSTLF3,NATIVE_NAME,,,NATIVE_NAME
POSTLF4,POSTLF4,POSTLF4,NATIVE_NAME,,,NATIVE_NAME
POSTLF5,POSTLF5,POSTLF5,NATIVE_NAME,,,NATIVE_NAME
POSTLF6,POSTLF6,POSTLF6,NATIVE_NAME,,,NATIVE_NAME
POSTLF7,POSTLF7,POSTLF7,NATIVE_NAME,,,NATIVE_NAME
POSTLF8,POSTLF8,POSTLF8,NATIVE_NAME,,,NATIVE_NAME
POSTLF9,POSTLF9,POSTLF9,NATIVE_NAME,,,NATIVE_NAME
POSTLF10,POSTLF10,POSTLF10,NATIVE_NAME,,,NATIVE_NAME
pray,pray,pray,DONOR_MAP,2018,,DONOR_MAP
grace,grace,grace,NATIVE_NAME,,,NATIVE_NAME
neargod,neargod,neargod,NATIVE_NAME,,,NATIVE_NAME
judge,judge,judge,NATIVE_NAME,,,NATIVE_NAME
redeemer,redeemer,redeemer,NATIVE_NAME,,,NATIVE_NAME
lover,lover,lover,NATIVE_NAME,,,NATIVE_NAME
master,master,master,NATIVE_NAME,,,NATIVE_NAME
mother,mother,mother,NATIVE_NAME,,,NATIVE_NAME
creator,creator,creator,NATIVE_NAME,,,NATIVE_NAME
father,father,father,NATIVE_NAME,,,NATIVE_NAME
spouse,spouse,spouse,NATIVE_NAME,,,NATIVE_NAME
friend,friend,friend,NATIVE_NAME,,,NATIVE_NAME
king,king,king,NATIVE_NAME,,,NATIVE_NAME
liberatr,liberatr,liberatr,NATIVE_NAME,,,NATIVE_NAME
healer,healer,healer,NATIVE_NAME,,,NATIVE_NAME
RELIG16,RELIG16,RELIG16,DONOR_MAP,2018,,DONOR_MAP
DENOM16,DENOM16,DENOM16,DONOR_MAP,2018,,DONOR_MAP
OTH16,OTH16,OTH16,DONOR_MAP,2018,,DONOR_MAP
FUND16,FUND16,FUND16,DONOR_MAP,2018,,DONOR_MAP
sprel,sprel,sprel,DONOR_MAP,2018,,DONOR_MAP
spden,spden,spden,DONOR_MAP,2018,,DONOR_MAP
spother,spother,spother,DONOR_MAP,2018,,DONOR_MAP
spfund,spfund,spfund,DONOR_MAP,2018,,DONOR_MAP
SPREL16,SPREL16,SPREL16,NATIVE_NAME,,,NATIVE_NAME
SPDEN16,SPDEN16,SPDEN16,NATIVE_NAME,,,NATIVE_NAME
SPOTH16,SPOTH16,SPOTH16,NATIVE_NAME,,,NATIVE_NAME
SPFUND16,SPFUND16,SPFUND16,NATIVE_NAME,,,NATIVE_NAME
prayer,prayer,prayer,DONOR_MAP,2018,,DONOR_MAP
racopen,racopen,racopen,DONOR_MAP,2018,,DONOR_MAP
raclive,raclive,raclive,DONOR_MAP,2018,,DONOR_MAP
racclos,racclos,racclos,NATIVE_NAME,,,NATIVE_NAME
racdis,racdis,racdis,NATIVE_NAME,,,NATIVE_NAME
racinteg,racinteg,racinteg,NATIVE_NAME,,,NATIVE_NAME
racfew,racfew,racfew,NATIVE_NAME,,,NATIVE_NAME
rachaf,rachaf,rachaf,NATIVE_NAME,,,NATIVE_NAME
racmost,racmost,racmost,NATIVE_NAME,,,NATIVE_NAME
busing,busing,busing,NATIVE_NAME,,,NATIVE_NAME
racpres,racpres,racpres,NATIVE_NAME,,,NATIVE_NAME
racchurh,racchurh,racchurh,NATIVE_NAME,,,NATIVE_NAME
racimp,racimp,racimp,NATIVE_NAME,,,NATIVE_NAME
racinfo,racinfo,racinfo,NATIVE_NAME,,,NATIVE_NAME
racfirm,racfirm,racfirm,NATIVE_NAME,,,NATIVE_NAME
raccare,raccare,raccare,NATIVE_NAME,,,NATIVE_NAME
racthink,racthink,racthink,NATIVE_NAME,,,NATIVE_NAME
racwrite,racwrite,racwrite,NATIVE_NAME,,,NATIVE_NAME
racgive,racgive,racgive,NATIVE_NAME,,,NATIVE_NAME
racjoin,racjoin,racjoin,NATIVE_NAME,,,NATIVE_NAME
happy,happy,happy,DONOR_MAP,2018,,DONOR_MAP
hapmar,hapmar,hapmar,DONOR_MAP,2018,,DONOR_MAP
helpful,helpful,helpful,DONOR_MAP,2018,,DONOR_MAP
fair,fair,fair,DONOR_MAP,2018,,DONOR_MAP
trust,trust,trust,DONOR_MAP,2018,,DONOR_MAP
trusty,trusty,trusty,NATIVE_NAME,,,NATIVE_NAME
satcity,satcity,satcity,NATIVE_NAME,,,NATIVE_NAME
sathobby,sathobby,sathobby,NATIVE_NAME,,,NATIVE_NAME
satfam,satfam,satfam,NATIVE_NAME,,,NATIVE_NAME
satfrnd,satfrnd,satfrnd,NATIVE_NAME,,,NATIVE_NAME
sathealt,sathealt,sathealt,NATIVE_NAME,,,NATIVE_NAME
confinan,confinan,confinan,DONOR_MAP,2018,,DONOR_MAP
conbus,conbus,conbus,DONOR_MAP,2018,,DONOR_MAP
conclerg,conclerg,conclerg,DONOR_MAP,2018,,DONOR_MAP
coneduc,coneduc,coneduc,DONOR_MAP,2018,,DONOR_MAP
confed,confed,confed,DONOR_MAP,2018,,DONOR_MAP
conlabor,conlabor,conlabor,DONOR_MAP,2018,,DONOR_MAP
conpress,conpress,conpress,DONOR_MAP,2018,,DONOR_MAP
conmedic,conmedic,conmedic,DONOR_MAP,2018,,DONOR_MAP
contv,contv,contv,DONOR_MAP,2018,,DONOR_MAP
conjudge,conjudge,conjudge,DONOR_MAP,2018,,DONOR_MAP
consci,consci,consci,DONOR_MAP,2018,,DONOR_MAP
conlegis,conlegis,conlegis,DONOR_MAP,2018,,DONOR_MAP
conarmy,conarmy,conarmy,DONOR_MAP,2018,,DONOR_MAP
manners,manners,manners,NATIVE_NAME,,,NATIVE_NAME
success,success,success,NATIVE_NAME,,,NATIVE_NAME
honest,honest,honest,NATIVE_NAME,,,NATIVE_NAME
clean,clean,clean,NATIVE_NAME,,,NATIVE_NAME
judgment,judgment,judgment,NATIVE_NAME,,,NATIVE_NAME
control,control,control,NATIVE_NAME,,,NATIVE_NAME
role,role,role,NATIVE_NAME,,,NATIVE_NAME
amicable,amicable,amicable,NATIVE_NAME,,,NATIVE_NAME
obeys,obeys,obeys,NATIVE_NAME,,,NATIVE_NAME
responsi,responsi,responsi,NATIVE_NAME,,,NATIVE_NAME
consider,consider,consider,NATIVE_NAME,,,NATIVE_NAME
interest,interest,interest,NATIVE_NAME,,,NATIVE_NAME
studious,studious,studious,NATIVE_NAME,,,NATIVE_NAME
socrel,socrel,socrel,DONOR_MAP,2018,,DONOR_MAP
socommun,socommun,socommun,DONOR_MAP,2018,,DONOR_MAP
socfrend,socfrend,socfrend,DONOR_MAP,2018,,DONOR_MAP
socbar,socbar,socbar,DONOR_MAP,2018,,DONOR_MAP
socpars,socpars,socpars,NATIVE_NAME,,,NATIVE_NAME
socsibs,socsibs,socsibs,NATIVE_NAME,,,NATIVE_NAME
aged,aged,aged,DONOR_MAP,2018,,DONOR_MAP
drink,drink,drink,NATIVE_NAME,,,NATIVE_NAME
drunk,drunk,drunk,NATIVE_NAME,,,NATIVE_NAME
smoke,smoke,smoke,NATIVE_NAME,,,NATIVE_NAME
quitsmk,quitsmk,quitsmk,NATIVE_NAME,,,NATIVE_NAME
smokecig,smokecig,smokecig,NATIVE_NAME,,,NATIVE_NAME
evsmoke,evsmoke,evsmoke,NATIVE_NAME,,,NATIVE_NAME
joblose,joblose,joblose,DONOR_MAP,2018,,DONOR_MAP
jobfind,jobfind,jobfind,DONOR_MAP,2018,,DONOR_MAP
satjob,satjob,satjob,DONOR_MAP,2018,,DONOR_MAP
class,class,class,DONOR_MAP,2018,,DONOR_MAP
rank,rank,rank,DONOR_MAP,2018,,DONOR_MAP
satfin,satfin,satfin,DONOR_MAP,2018,,DONOR_MAP
finalter,finalter,finalter,DONOR_MAP,2018,,DONOR_MAP
finrela,finrela,finrela,DONOR_MAP,2018,,DONOR_MAP
unemp,unemp,unemp,DONOR_MAP,2018,,DONOR_MAP
govaid,govaid,govaid,NATIVE_NAME,,,NATIVE_NAME
union,union,union,DONOR_MAP,2018,,DONOR_MAP
fehome,fehome,fehome,NATIVE_NAME,,,NATIVE_NAME
fework,fework,fework,NATIVE_NAME,,,NATIVE_NAME
fepres,fepres,fepres,NATIVE_NAME,,,NATIVE_NAME
fepol,fepol,fepol,DONOR_MAP,2018,,DONOR_MAP
feimp,feimp,feimp,NATIVE_NAME,,,NATIVE_NAME
feinfo,feinfo,feinfo,NATIVE_NAME,,,NATIVE_NAME
fefirm,fefirm,fefirm,NATIVE_NAME,,,NATIVE_NAME
fecare,fecare,fecare,NATIVE_NAME,,,NATIVE_NAME
fethink,fethink,fethink,NATIVE_NAME,,,NATIVE_NAME
fewrite,fewrite,fewrite,NATIVE_NAME,,,NATIVE_NAME
fegive,fegive,fegive,NATIVE_NAME,,,NATIVE_NAME
fejoin,fejoin,fejoin,NATIVE_NAME,,,NATIVE_NAME
abdefect,abdefect,abdefect,DONOR_MAP,2018,,DONOR_MAP
abnomore,abnomore,abnomore,DONOR_MAP,2018,,DONOR_MAP
abhlth,abhlth,abhlth,DONOR_MAP,2018,,DONOR_MAP
abpoor,abpoor,abpoor,DONOR_MAP,2018,,DONOR_MAP
abrape,abrape,abrape,DONOR_MAP,2018,,DONOR_MAP
absingle,absingle,absingle,DONOR_MAP,2018,,DONOR_MAP
abany,abany,abany,DONOR_MAP,2018,,DONOR_MAP
chldidel,chldidel,chldidel,DONOR_MAP,2018,,DONOR_MAP
chldmore,chldmore,chldmore,NATIVE_NAME,,,NATIVE_NAME
chldnum,chldnum,chldnum,NATIVE_NAME,,,NATIVE_NAME
chldsoon,chldsoon,chldsoon,NATIVE_NAME,,,NATIVE_NAME
pill,pill,pill,NATIVE_NAME,,,NATIVE_NAME
teenpill,teenpill,teenpill,NATIVE_NAME,,,NATIVE_NAME
sexeduc,sexeduc,sexeduc,DONOR_MAP,2018,,DONOR_MAP
divlaw,divlaw,divlaw,DONOR_MAP,2018,,DONOR_MAP
premarsx,premarsx,premarsx,DONOR_MAP,2018,,DONOR_MAP
porninf,porninf,porninf,NATIVE_NAME,,,NATIVE_NAME
pornmorl,pornmorl,pornmorl,NATIVE_NAME,,,NATIVE_NAME
pornrape,pornrape,pornrape,NATIVE_NAME,,,NATIVE_NAME
pornout,pornout,pornout,NATIVE_NAME,,,NATIVE_NAME
pornlaw,pornlaw,pornlaw,DONOR_MAP,2018,,DONOR_MAP
xmovie,xmovie,xmovie,DONOR_MAP,2018,,DONOR_MAP
LETDIE1,LETDIE1,LETDIE1,DONOR_MAP,2018,,DONOR_MAP
LETDIE2,LETDIE2,LETDIE2,NATIVE_NAME,,,NATIVE_NAME
SUICIDE1,SUICIDE1,SUICIDE1,DONOR_MAP,2018,,DONOR_MAP
SUICIDE2,SUICIDE2,SUICIDE2,DONOR_MAP,2018,,DONOR_MAP
SUICIDE3,SUICIDE3,SUICIDE3,DONOR_MAP,2018,,DONOR_MAP
SUICIDE4,SUICIDE4,SUICIDE4,DONOR_MAP,2018,,DONOR_MAP
hit,hit,hit,NATIVE_NAME,,,NATIVE_NAME
hitage,hitage,hitage,NATIVE_NAME,,,NATIVE_NAME
hitnum,hitnum,hitnum,NATIVE_NAME,,,NATIVE_NAME
gun,gun,gun,NATIVE_NAME,,,NATIVE_NAME
gunage,gunage,gunage,NATIVE_NAME,,,NATIVE_NAME
gunnum,gunnum,gunnum,NATIVE_NAME,,,NATIVE_NAME
hitok,hitok,hitok,NATIVE_NAME,,,NATIVE_NAME
hitmarch,hitmarch,hitmarch,NATIVE_NAME,,,NATIVE_NAME
hitdrunk,hitdrunk,hitdrunk,NATIVE_NAME,,,NATIVE_NAME
hitchild,hitchild,hitchild,NATIVE_NAME,,,NATIVE_NAME
hitbeatr,hitbeatr,hitbeatr,NATIVE_NAME,,,NATIVE_NAME
hitrobbr,hitrobbr,hitrobbr,NATIVE_NAME,,,NATIVE_NAME
polhitok,polhitok,polhitok,DONOR_MAP,2018,,DONOR_MAP
polabuse,polabuse,polabuse,DONOR_MAP,2018,,DONOR_MAP
polmurdr,polmurdr,polmurdr,DONOR_MAP,2018,,DONOR_MAP
polescap,polescap,polescap,DONOR_MAP,2018,,DONOR_MAP
polattak,polattak,polattak,DONOR_MAP,2018,,DONOR_MAP
news,news,news,DONOR_MAP,2018,,DONOR_MAP
tvhours,tvhours,tvhours,DONOR_MAP,2018,,DONOR_MAP
radiohrs,radiohrs,radiohrs,NATIVE_NAME,,,NATIVE_NAME
phone,phone,phone,DONOR_MAP,2018,,DONOR_MAP
coop,coop,coop,DONOR_MAP,2018,,DONOR_MAP
comprend,comprend,comprend,DONOR_MAP,2018,,DONOR_MAP
form,form,form,DONOR_MAP,2018,,DONOR_MAP
DIVORCE5,DIVORCE5,DIVORCE5,NATIVE_NAME,,,NATIVE_NAME
DIVREL1,DIVREL1,DIVREL1,NATIVE_NAME,,,NATIVE_NAME
DIVREL4,DIVREL4,DIVREL4,NATIVE_NAME,,,NATIVE_NAME
UNEMP5,UNEMP5,UNEMP5,NATIVE_NAME,,,NATIVE_NAME
UNREL1,UNREL1,UNREL1,NATIVE_NAME,,,NATIVE_NAME
UNREL4,UNREL4,UNREL4,NATIVE_NAME,,,NATIVE_NAME
HOSDIS5,HOSDIS5,HOSDIS5,NATIVE_NAME,,,NATIVE_NAME
HOSREL1,HOSREL1,HOSREL1,NATIVE_NAME,,,NATIVE_NAME
HOSREL4,HOSREL4,HOSREL4,NATIVE_NAME,,,NATIVE_NAME
DEATH5,DEATH5,DEATH5,NATIVE_NAME,,,NATIVE_NAME
DEATH16,DEATH16,DEATH16,NATIVE_NAME,,,NATIVE_NAME
padeath,padeath,padeath,NATIVE_NAME,,,NATIVE_NAME
madeath,madeath,madeath,NATIVE_NAME,,,NATIVE_NAME
chlddth,chlddth,chlddth,NATIVE_NAME,,,NATIVE_NAME
sibdeath,sibdeath,sibdeath,NATIVE_NAME,,,NATIVE_NAME
spdeath,spdeath,spdeath,NATIVE_NAME,,,NATIVE_NAME
TRAUMA1,TRAUMA1,TRAUMA1,NATIVE_NAME,,,NATIVE_NAME
TRAUMA5,TRAUMA5,TRAUMA5,NATIVE_NAME,,,NATIVE_NAME
TRAREL1,TRAREL1,TRAREL1,NATIVE_NAME,,,NATIVE_NAME
TRAREL5,TRAREL5,TRAREL5,NATIVE_NAME,,,NATIVE_NAME
TRATOT1,TRATOT1,TRATOT1,NATIVE_NAME,,,NATIVE_NAME
TRATOT5,TRATOT5,TRATOT5,NATIVE_NAME,,,NATIVE_NAME
milqual,milqual,milqual,NATIVE_NAME,,,NATIVE_NAME
milpay,milpay,milpay,NATIVE_NAME,,,NATIVE_NAME
fenumok,fenumok,fenumok,NATIVE_NAME,,,NATIVE_NAME
hinumok,hinumok,hinumok,NATIVE_NAME,,,NATIVE_NAME
blnumok,blnumok,blnumok,NATIVE_NAME,,,NATIVE_NAME
draft,draft,draft,NATIVE_NAME,,,NATIVE_NAME
draftfe,draftfe,draftfe,NATIVE_NAME,,,NATIVE_NAME
draftem,draftem,draftem,NATIVE_NAME,,,NATIVE_NAME
draftfem,draftfem,draftfem,NATIVE_NAME,,,NATIVE_NAME
helppoor,helppoor,helppoor,DONOR_MAP,2018,,DONOR_MAP
helpnot,helpnot,helpnot,DONOR_MAP,2018,,DONOR_MAP
helpsick,helpsick,helpsick,DONOR_MAP,2018,,DONOR_MAP
helpblk,helpblk,helpblk,DONOR_MAP,2018,,DONOR_MAP
memfrat,memfrat,memfrat,NATIVE_NAME,,,NATIVE_NAME
memserv,memserv,memserv,NATIVE_NAME,,,NATIVE_NAME
memvet,memvet,memvet,NATIVE_NAME,,,NATIVE_NAME
mempolit,mempolit,mempolit,NATIVE_NAME,,,NATIVE_NAME
memunion,memunion,memunion,NATIVE_NAME,,,NATIVE_NAME
memsport,memsport,memsport,NATIVE_NAME,,,NATIVE_NAME
memyouth,memyouth,memyouth,NATIVE_NAME,,,NATIVE_NAME
memschl,memschl,memschl,NATIVE_NAME,,,NATIVE_NAME
memhobby,memhobby,memhobby,NATIVE_NAME,,,NATIVE_NAME
memgreek,memgreek,memgreek,NATIVE_NAME,,,NATIVE_NAME
memnat,memnat,memnat,NATIVE_NAME,,,NATIVE_NAME
memfarm,memfarm,memfarm,NATIVE_NAME,,,NATIVE_NAME
memlit,memlit,memlit,NATIVE_NAME,,,NATIVE_NAME
memprof,memprof,memprof,NATIVE_NAME,,,NATIVE_NAME
memchurh,memchurh,memchurh,NATIVE_NAME,,,NATIVE_NAME
memother,memother,memother,NATIVE_NAME,,,NATIVE_NAME
memnum,memnum,memnum,NATIVE_NAME,,,NATIVE_NAME
povline,povline,povline,NATIVE_NAME,,,NATIVE_NAME
incdef,incdef,incdef,NATIVE_NAME,,,NATIVE_NAME
realinc,realinc,realinc,DONOR_MAP,2018,,DONOR_MAP
realrinc,realrinc,realrinc,DONOR_MAP,2018,,DONOR_MAP
coninc,coninc,coninc,DONOR_MAP,2018,,DONOR_MAP
conrinc,conrinc,conrinc,DONOR_MAP,2018,,DONOR_MAP
ethnic,ethnic,ethnic,DONOR_MAP,2018,,DONOR_MAP
ethnum,ethnum,ethnum,DONOR_MAP,2018,,DONOR_MAP
vetyears,vetyears,vetyears,DONOR_MAP,2018,,DONOR_MAP
vetkind,vetkind,vetkind,NATIVE_NAME,,,NATIVE_NAME
dwelling,dwelling,dwelling,DONOR_MAP,2018,,DONOR_MAP
dwelngh,dwelngh,dwelngh,NATIVE_NAME,,,NATIVE_NAME
dwelcity,dwelcity,dwelcity,NATIVE_NAME,,,NATIVE_NAME
RELATE1,relationship of 1st person to household head,relationship of 1st person to household head,DONOR_MAP,2022,,DONOR_MAP
GENDER1,GENDER1,GENDER1,DONOR_MAP,2018,,DONOR_MAP
OLD1,OLD1,OLD1,DONOR_MAP,2018,,DONOR_MAP
MAR1,MAR1,MAR1,DONOR_MAP,2018,,DONOR_MAP
WHERE1,WHERE1,WHERE1,DONOR_MAP,2018,,DONOR_MAP
RELATE2,RELATE2,RELATE2,DONOR_MAP,2018,,DONOR_MAP
GENDER2,GENDER2,GENDER2,DONOR_MAP,2018,,DONOR_MAP
OLD2,OLD2,OLD2,DONOR_MAP,2018,,DONOR_MAP
MAR2,MAR2,MAR2,DONOR_MAP,2018,,DONOR_MAP
WHERE2,WHERE2,WHERE2,DONOR_MAP,2018,,DONOR_MAP
RELATE3,RELATE3,RELATE3,DONOR_MAP,2018,,DONOR_MAP
GENDER3,GENDER3,GENDER3,DONOR_MAP,2018,,DONOR_MAP
OLD3,OLD3,OLD3,DONOR_MAP,2018,,DONOR_MAP
MAR3,MAR3,MAR3,DONOR_MAP,2018,,DONOR_MAP
WHERE3,WHERE3,WHERE3,DONOR_MAP,2018,,DONOR_MAP
RELATE4,RELATE4,RELATE4,DONOR_MAP,2018,,DONOR_MAP
GENDER4,GENDER4,GENDER4,DONOR_MAP,2018,,DONOR_MAP
OLD4,OLD4,OLD4,DONOR_MAP,2018,,DONOR_MAP
MAR4,MAR4,MAR4,DONOR_MAP,2018,,DONOR_MAP
WHERE4,WHERE4,WHERE4,DONOR_MAP,2018,,DONOR_MAP
RELATE5,RELATE5,RELATE5,DONOR_MAP,2018,,DONOR_MAP
GENDER5,GENDER5,GENDER5,DONOR_MAP,2018,,DONOR_MAP
OLD5,OLD5,OLD5,DONOR_MAP,2018,,DONOR_MAP
MAR5,MAR5,MAR5,DONOR_MAP,2018,,DONOR_MAP
WHERE5,WHERE5,WHERE5,DONOR_MAP,2018,,DONOR_MAP
RELATE6,RELATE6,RELATE6,DONOR_MAP,2018,,DONOR_MAP
GENDER6,GENDER6,GENDER6,DONOR_MAP,2018,,DONOR_MAP
OLD6,OLD6,OLD6,DONOR_MAP,2018,,DONOR_MAP
MAR6,MAR6,MAR6,DONOR_MAP,2018,,DONOR_MAP
RELATE7,RELATE7,RELATE7,DONOR_MAP,2018,,DONOR_MAP
GENDER7,GENDER7,GENDER7,DONOR_MAP,2018,,DONOR_MAP
OLD7,OLD7,OLD7,DONOR_MAP,2018,,DONOR_MAP
RELATE8,RELATE8,RELATE8,DONOR_MAP,2018,,DONOR_MAP
GENDER8,GENDER8,GENDER8,DONOR_MAP,2018,,DONOR_MAP
OLD8,OLD8,OLD8,DONOR_MAP,2018,,DONOR_MAP
MAR8,marital status of 8th person,marital status of 8th person,DONOR_MAP,2022,,DONOR_MAP
RELATE9,RELATE9,RELATE9,DONOR_MAP,2018,,DONOR_MAP
GENDER9,GENDER9,GENDER9,DONOR_MAP,2018,,DONOR_MAP
OLD9,OLD9,OLD9,DONOR_MAP,2018,,DONOR_MAP
RELATE10,RELATE10,RELATE10,DONOR_MAP,2018,,DONOR_MAP
GENDER10,gender of 10th person,gender of 10th person,DONOR_MAP,2022,,DONOR_MAP
OLD10,OLD10,OLD10,DONOR_MAP,2018,,DONOR_MAP
RELATE11,RELATE11,RELATE11,DONOR_MAP,2018,,DONOR_MAP
GENDER11,GENDER11,GENDER11,DONOR_MAP,2018,,DONOR_MAP
OLD11,OLD11,OLD11,DONOR_MAP,2018,,DONOR_MAP
MAR11,MAR11,MAR11,DONOR_MAP,2018,,DONOR_MAP
WHERE11,WHERE11,WHERE11,DONOR_MAP,2018,,DONOR_MAP
RELATE12,RELATE12,RELATE12,DONOR_MAP,2018,,DONOR_MAP
GENDER12,gender of 12th person (visitor),gender of 12th person (visitor),DONOR_MAP,2022,,DONOR_MAP
OLD12,OLD12,OLD12,DONOR_MAP,2018,,DONOR_MAP
RELATE13,relation of 13th person (visitor) to head,relation of 13th person (visitor) to head,DONOR_MAP,2022,,DONOR_MAP
GENDER13,gender of 13th person (visitor),gender of 13th person (visitor),DONOR_MAP,2022,,DONOR_MAP
OLD13,age of 13th person (visitor),age of 13th person (visitor),DONOR_MAP,2022,,DONOR_MAP
hefinfo,hefinfo,hefinfo,DONOR_MAP,2018,,DONOR_MAP
hhrace,hhrace,hhrace,DONOR_MAP,2018,,DONOR_MAP
respnum,respnum,respnum,DONOR_MAP,2018,,DONOR_MAP
hhtype,hhtype,hhtype,DONOR_MAP,2018,,DONOR_MAP
HHTYPE1,HHTYPE1,HHTYPE1,DONOR_MAP,2018,,DONOR_MAP
famgen,famgen,famgen,DONOR_MAP,2018,,DONOR_MAP
rplace,rplace,rplace,DONOR_MAP,2018,,DONOR_MAP
rvisitor,rvisitor,rvisitor,DONOR_MAP,2018,,DONOR_MAP
visitors,visitors,visitors,DONOR_MAP,2018,,DONOR_MAP
dateintv,dateintv,dateintv,DONOR_MAP,2018,,DONOR_MAP
ISCO68,ISCO68,ISCO68,NATIVE_NAME,,,NATIVE_NAME
PAISCO68,PAISCO68,PAISCO68,NATIVE_NAME,,,NATIVE_NAME
SPISCO68,SPISCO68,SPISCO68,NATIVE_NAME,,,NATIVE_NAME
ISCO88,ISCO88,ISCO88,DONOR_MAP,2018,,DONOR_MAP
PAISCO88,PAISCO88,PAISCO88,DONOR_MAP,2018,,DONOR_MAP
SPISCO88,SPISCO88,SPISCO88,DONOR_MAP,2018,,DONOR_MAP
ISCO08,ISCO08,ISCO08,DONOR_MAP,2018,,DONOR_MAP
PAISCO08,PAISCO08,PAISCO08,DONOR_MAP,2018,,DONOR_MAP
SPISCO08,SPISCO08,SPISCO08,DONOR_MAP,2018,,DONOR_MAP
SEI10,SEI10,SEI10,DONOR_MAP,2018,,DONOR_MAP
SEI10EDUC,SEI10EDUC,SEI10EDUC,DONOR_MAP,2018,,DONOR_MAP
SEI10INC,SEI10INC,SEI10INC,DONOR_MAP,2018,,DONOR_MAP
PASEI10,PASEI10,PASEI10,DONOR_MAP,2018,,DONOR_MAP
PASEI10EDUC,PASEI10EDUC,PASEI10EDUC,DONOR_MAP,2018,,DONOR_MAP
PASEI10INC,PASEI10INC,PASEI10INC,DONOR_MAP,2018,,DONOR_MAP
SPSEI10,SPSEI10,SPSEI10,DONOR_MAP,2018,,DONOR_MAP
SPSEI10EDUC,SPSEI10EDUC,SPSEI10EDUC,DONOR_MAP,2018,,DONOR_MAP
SPSEI10INC,SPSEI10INC,SPSEI10INC,DONOR_MAP,2018,,DONOR_MAP
uswar,uswar,uswar,NATIVE_NAME,,,NATIVE_NAME
usintl,usintl,usintl,NATIVE_NAME,,,NATIVE_NAME
usun,usun,usun,NATIVE_NAME,,,NATIVE_NAME
russia,russia,russia,NATIVE_NAME,,,NATIVE_NAME
japan,japan,japan,NATIVE_NAME,,,NATIVE_NAME
england,england,england,NATIVE_NAME,,,NATIVE_NAME
canada,canada,canada,NATIVE_NAME,,,NATIVE_NAME
brazil,brazil,brazil,NATIVE_NAME,,,NATIVE_NAME
china,china,china,NATIVE_NAME,,,NATIVE_NAME
israel,israel,israel,NATIVE_NAME,,,NATIVE_NAME
egypt,egypt,egypt,NATIVE_NAME,,,NATIVE_NAME
cohort,cohort,cohort,DONOR_MAP,2018,,DONOR_MAP
marcohrt,marcohrt,marcohrt,NATIVE_NAME,,,NATIVE_NAME
birthmo,birthmo,birthmo,NATIVE_NAME,,,NATIVE_NAME
zodiac,zodiac,zodiac,DONOR_MAP,2018,,DONOR_MAP
formwt,weight deal with experimental randomization,weight deal with experimental randomization,DONOR_MAP,2022,,DONOR_MAP
sampcode,sampcode,sampcode,DONOR_MAP,2018,,DONOR_MAP
sample,sampling frame and method,sampling frame and method,DONOR_MAP,2022,,DONOR_MAP
wtssall,wtssall,wtssall,DONOR_MAP,2018,,DONOR_MAP
vstrat,vstrat,vstrat,DONOR_MAP,2018,,DONOR_MAP
vpsu,vpsu,vpsu,DONOR_MAP,2018,,DONOR_MAP
